"s_id","w_id","word","postagb2","postagb1","postag","postaga1","postaga2","flflag","count","tag","stannertag","finwords","naivetag"
1,0,"By","IN","VBG","IN","NA","NA",1,68230,"O","O",0,"O"
1,1,"looking","PRP$","IN","VBG","IN","NA",0,7542,"O","O",0,"O"
1,2,"at","NN","PRP$","IN","VBG","IN",0,70059,"O","O",0,"O"
1,3,"your","PRP","NN","PRP$","IN","VBG",0,17031,"O","O",0,"O"
1,4,"list","RB","PRP","NN","PRP$","IN",0,1797,"O","O",0,"O"
1,5,"I","VBP","RB","PRP","NN","PRP$",0,258405,"O","O",0,"O"
1,6,"really","NNP","VBP","RB","PRP","NN",0,34922,"O","O",0,"O"
1,7,"think","NNP","NNP","VBP","RB","PRP",0,21294,"O","O",0,"O"
1,8,"Michelle","VBZ","NNP","NNP","VBP","RB",0,479,"P","P",0,"O"
1,9,"Pfeiffer","RB","VBZ","NNP","NNP","VBP",0,132,"P","P",0,"P"
1,10,"is","JJ","RB","VBZ","NNP","NNP",0,321694,"O","O",0,"O"
1,11,"amazingly","NA","JJ","RB","VBZ","NNP",0,533,"O","O",0,"O"
1,12,"sexy","NA","NA","JJ","RB","VBZ",1,1368,"O","O",0,"O"
2,0,"Kate","VBZ","NNP","NNP","NA","NA",1,754,"P","O",1,"O"
2,1,"Hudson","JJ","VBZ","NNP","NNP","NA",0,379,"P","O",1,"O"
2,2,"is","NA","JJ","VBZ","NNP","NNP",0,321694,"O","O",1,"O"
2,3,"nice","NA","NA","JJ","VBZ","NNP",1,5752,"O","O",1,"O"
3,0,"Ca","VB","RB","VBP","NA","NA",1,90,"O","O",1,"O"
3,1,"n't","IN","VB","RB","VBP","NA",0,115,"O","O",0,"O"
3,2,"think","NN","IN","VB","RB","VBP",0,21294,"O","O",1,"O"
3,3,"of","RB","NN","IN","VB","RB",0,439756,"O","O",1,"O"
3,4,"anyone","RB","RB","NN","IN","VB",0,7832,"O","O",1,"O"
3,5,"else","RB","RB","RB","NN","IN",0,5948,"O","O",1,"O"
3,6,"right","NA","RB","RB","RB","NN",0,9902,"O","O",0,"O"
3,7,"now","NA","NA","RB","RB","RB",1,13946,"O","O",1,"O"
4,0,"I","VB","MD","PRP","NA","NA",1,258405,"O","O",0,"O"
4,1,"'d","TO","VB","MD","PRP","NA",0,10109,"O","O",0,"O"
4,2,"have","VB","TO","VB","MD","PRP",0,83569,"O","O",0,"O"
4,3,"to","PRP$","VB","TO","VB","MD",0,407216,"O","O",0,"O"
4,4,"say","NN","PRP$","VB","TO","VB",0,15684,"O","O",0,"O"
4,5,"my","NN","NN","PRP$","VB","TO",0,36415,"O","O",0,"O"
4,6,"celebrity","VBZ","NN","NN","PRP$","VB",0,324,"O","O",0,"O"
4,7,"hottie","NNP","VBZ","NN","NN","PRP$",0,80,"O","O",0,"P"
4,8,"is","NNP","NNP","VBZ","NN","NN",0,321694,"O","O",0,"O"
4,9,"Dennis","NA","NNP","NNP","VBZ","NN",0,929,"P","O",0,"O"
4,10,"Miller","NA","NA","NNP","NNP","VBZ",1,547,"P","O",0,"O"
5,0,"And","PRP","VBD","CC","NA","NA",1,494087,"O","O",0,"O"
5,1,"were","TO","PRP","VBD","CC","NA",0,32221,"O","O",0,"O"
5,2,"I","VBG","TO","PRP","VBD","CC",0,258405,"O","O",0,"O"
5,3,"to","IN","VBG","TO","PRP","VBD",0,407216,"O","O",0,"O"
5,4,"swing","DT","IN","VBG","TO","PRP",0,180,"O","O",0,"O"
5,5,"for","JJ","DT","IN","VBG","TO",0,133639,"O","O",0,"O"
5,6,"the","NN","JJ","DT","IN","VBG",0,1014971,"O","O",0,"O"
5,7,"other","PRP","NN","JJ","DT","IN",0,27328,"O","O",0,"O"
5,8,"team","VBP","PRP","NN","JJ","DT",0,2471,"O","O",0,"O"
5,9,"I","NNP","VBP","PRP","NN","JJ",0,258405,"O","O",0,"O"
5,10,"think","NNP","NNP","VBP","PRP","NN",0,21294,"O","O",0,"O"
5,11,"Ben","POS","NNP","NNP","VBP","PRP",0,1403,"P","P",1,"O"
5,12,"Affleck","DT","POS","NNP","NNP","VBP",0,158,"P","P",1,"P"
5,13,"'s","NN","DT","POS","NNP","NNP",0,197995,"O","O",1,"O"
5,14,"a","JJ","NN","DT","POS","NNP",0,491473,"O","O",1,"O"
5,15,"damn","VBG","JJ","NN","DT","POS",0,1041,"O","O",1,"O"
5,16,"fine","NN","VBG","JJ","NN","DT",0,3954,"O","O",1,"O"
5,17,"looking","NA","NN","VBG","JJ","NN",0,7542,"O","O",1,"O"
5,18,"man","NA","NA","NN","VBG","JJ",1,17601,"O","O",1,"O"
6,0,"I","NNP","VBP","PRP","NA","NA",1,258405,"O","O",1,"O"
6,1,"like","NNP","NNP","VBP","PRP","NA",0,60973,"O","O",0,"O"
6,2,"Kirstin","CC","NNP","NNP","VBP","PRP",0,0,"P","O",1,"O"
6,3,"Dunst","PRP","CC","NNP","NNP","VBP",0,101,"P","O",1,"P"
6,4,"but","MD","PRP","CC","NNP","NNP",0,126937,"O","O",1,"O"
6,5,"I","RB","MD","PRP","CC","NNP",0,258405,"O","O",1,"O"
6,6,"would","VB","RB","MD","PRP","CC",0,37105,"O","O",0,"O"
6,7,"n't","PRP","VB","RB","MD","PRP",0,115,"O","O",0,"O"
6,8,"label","IN","PRP","VB","RB","MD",0,224,"O","O",0,"O"
6,9,"her","NN","IN","PRP","VB","RB",0,54592,"O","O",0,"O"
6,10,"as","NA","NN","IN","PRP","VB",0,139962,"O","O",0,"O"
6,11,"sexy","NA","NA","NN","IN","PRP",1,1368,"O","O",0,"O"
7,0,"Sophia","VBZ","NNP","NNP","NA","NA",1,80,"P","P",0,"O"
7,1,"Loren","DT","VBZ","NNP","NNP","NA",0,80,"P","P",0,"O"
7,2,"is","JJS","DT","VBZ","NNP","NNP",0,321694,"O","O",0,"O"
7,3,"The","NN","JJS","DT","VBZ","NNP",0,1014971,"O","O",0,"O"
7,4,"sexiest","IN","NN","JJS","DT","VBZ",0,52,"O","O",0,"O"
7,5,"woman","DT","IN","NN","JJS","DT",0,8265,"O","O",0,"O"
7,6,"of","NN","DT","IN","NN","JJS",0,439756,"O","O",0,"O"
7,7,"all","IN","NN","DT","IN","NN",0,71118,"O","O",0,"O"
7,8,"time","PRP$","IN","NN","DT","IN",0,37835,"O","O",0,"O"
7,9,"in","NN","PRP$","IN","NN","DT",0,282877,"O","O",0,"O"
7,10,"my","NA","NN","PRP$","IN","NN",0,36415,"O","O",0,"O"
7,11,"opinion","NA","NA","NN","PRP$","IN",1,2814,"O","O",0,"O"
8,0,"Monica","VBZ","NNP","NNP","NA","NA",1,148,"P","O",1,"O"
8,1,"Bellucci","DT","VBZ","NNP","NNP","NA",0,0,"P","O",1,"P"
8,2,"is","JJS","DT","VBZ","NNP","NNP",0,321694,"O","O",1,"O"
8,3,"the","NN","JJS","DT","VBZ","NNP",0,1014971,"O","O",1,"O"
8,4,"hottest","IN","NN","JJS","DT","VBZ",0,75,"O","O",0,"O"
8,5,"hooker","NNP","IN","NN","JJS","DT",0,226,"O","O",1,"O"
8,6,"in","IN","NNP","IN","NN","JJS",0,282877,"O","O",1,"O"
8,7,"Brotherhood","DT","IN","NNP","IN","NN",0,66,"O","O",1,"O"
8,8,"of","NNP","DT","IN","NNP","IN",0,439756,"O","O",1,"O"
8,9,"the","NA","NNP","DT","IN","NNP",0,1014971,"O","O",0,"O"
8,10,"Wolf","NA","NA","NNP","DT","IN",1,484,"P","O",0,"O"
9,0,"I","VBP","RB","PRP","NA","NA",1,258405,"O","O",1,"O"
9,1,"really","RB","VBP","RB","PRP","NA",0,34922,"O","O",1,"O"
9,2,"do","VB","RB","VBP","RB","PRP",0,27458,"O","O",1,"O"
9,3,"n't","NNP","VB","RB","VBP","RB",0,115,"O","O",1,"O"
9,4,"like","NNP","NNP","VB","RB","VBP",0,60973,"O","O",0,"O"
9,5,"Catherine","NNP","NNP","NNP","VB","RB",0,366,"P","P",1,"O"
9,6,"Zeta","RB","NNP","NNP","NNP","VB",0,73,"P","P",1,"O"
9,7,"Jones","NA","RB","NNP","NNP","NNP",0,1413,"P","P",1,"P"
9,8,"anymore","NA","NA","RB","NNP","NNP",1,1044,"O","O",1,"O"
10,0,"Sarah","NNP","NNP","NNP","NA","NA",1,626,"P","O",0,"O"
10,1,"Michelle","RB","NNP","NNP","NNP","NA",0,479,"P","O",0,"O"
10,2,"Gellar","VBZ","RB","NNP","NNP","NNP",0,76,"P","O",0,"P"
10,3,"really","PRP$","VBZ","RB","NNP","NNP",0,34922,"O","O",0,"O"
10,4,"gets","NN","PRP$","VBZ","RB","NNP",0,9389,"O","O",0,"O"
10,5,"my","VBG","NN","PRP$","VBZ","RB",0,36415,"O","O",0,"O"
10,6,"fire","NA","VBG","NN","PRP$","VBZ",0,1753,"O","O",0,"O"
10,7,"going","NA","NA","VBG","NN","PRP$",1,12767,"O","O",0,"O"
11,0,"Angelina","VBZ","NNP","NNP","NA","NA",1,155,"P","P",1,"O"
11,1,"Jolie","DT","VBZ","NNP","NNP","NA",0,189,"P","P",1,"O"
11,2,"has","JJ","DT","VBZ","NNP","NNP",0,50800,"O","O",1,"O"
11,3,"a","NN","JJ","DT","VBZ","NNP",0,491473,"O","O",1,"O"
11,4,"great","CC","NN","JJ","DT","VBZ",0,27441,"O","O",0,"O"
11,5,"body","JJ","CC","NN","JJ","DT",0,2850,"O","O",1,"O"
11,6,"and","NNS","JJ","CC","NN","JJ",0,494087,"O","O",1,"O"
11,7,"various","CC","NNS","JJ","CC","NN",0,1889,"O","O",1,"O"
11,8,"tatoos","PRP","CC","NNS","JJ","CC",0,0,"O","O",1,"P"
11,9,"but","VBD","PRP","CC","NNS","JJ",0,126937,"O","O",0,"O"
11,10,"she","DT","VBD","PRP","CC","NNS",0,41775,"O","O",0,"O"
11,11,"adopted","NN","DT","VBD","PRP","CC",0,252,"O","O",0,"O"
11,12,"a","IN","NN","DT","VBD","PRP",0,491473,"O","O",0,"O"
11,13,"baby","DT","IN","NN","DT","VBD",0,1935,"O","O",0,"O"
11,14,"from","NN","DT","IN","NN","DT",0,62401,"O","O",0,"O"
11,15,"a","WDT","NN","DT","IN","NN",0,491473,"O","O",0,"O"
11,16,"country","VBZ","WDT","NN","DT","IN",0,2840,"O","O",0,"O"
11,17,"that","RB","VBZ","WDT","NN","DT",0,218899,"O","O",0,"O"
11,18,"is","RB","RB","VBZ","WDT","NN",0,321694,"O","O",0,"O"
11,19,"n't","JJ","RB","RB","VBZ","WDT",0,115,"O","O",0,"O"
11,20,"so","IN","JJ","RB","RB","VBZ",0,62020,"O","O",0,"O"
11,21,"lucky","NNS","IN","JJ","RB","RB",0,872,"O","O",0,"O"
11,22,"as","NA","NNS","IN","JJ","RB",0,139962,"O","O",0,"O"
11,23,"ours","NA","NA","NNS","IN","JJ",1,81,"O","O",0,"O"
12,0,"Harrison","RB","NNP","NNP","NA","NA",1,349,"P","O",0,"O"
12,1,"Ford","IN","RB","NNP","NNP","NA",0,866,"P","O",0,"O"
12,2,"especially","NNP","IN","RB","NNP","NNP",0,7709,"O","O",0,"O"
12,3,"in","NA","NNP","IN","RB","NNP",0,282877,"O","O",0,"O"
12,4,"Witness","NA","NA","NNP","IN","RB",1,666,"O","O",0,"O"
13,0,"I","IN","VBP","PRP","NA","NA",1,258405,"O","O",0,"O"
13,1,"think","NNP","IN","VBP","PRP","NA",0,21294,"O","O",0,"O"
13,2,"that","NNP","NNP","IN","VBP","PRP",0,218899,"O","O",0,"O"
13,3,"Emma","VBZ","NNP","NNP","IN","VBP",0,416,"P","P",1,"O"
13,4,"Watson","RB","VBZ","NNP","NNP","IN",0,313,"P","P",1,"P"
13,5,"is","JJ","RB","VBZ","NNP","NNP",0,321694,"O","O",1,"O"
13,6,"really","NA","JJ","RB","VBZ","NNP",0,34922,"O","O",1,"O"
13,7,"hot","NA","NA","JJ","RB","VBZ",1,2047,"O","O",1,"O"
14,0,"I","IN","RB","PRP","NA","NA",1,258405,"O","O",1,"O"
14,1,"still","PRP$","IN","RB","PRP","NA",0,16338,"O","O",1,"O"
14,2,"like","NN","PRP$","IN","RB","PRP",0,60973,"O","O",0,"O"
14,3,"my","DT","NN","PRP$","IN","RB",0,36415,"O","O",1,"O"
14,4,"pick","RBS","DT","NN","PRP$","IN",0,1388,"O","O",1,"O"
14,5,"the","NNP","RBS","DT","NN","PRP$",0,1014971,"O","O",1,"O"
14,6,"most","NNP","NNP","RBS","DT","NN",0,26485,"O","O",1,"O"
14,7,"Emma","NA","NNP","NNP","RBS","DT",0,416,"P","O",0,"O"
14,8,"Watson","NA","NA","NNP","NNP","RBS",1,313,"P","O",0,"P"
15,0,"I","TO","VBP","PRP","NA","NA",1,258405,"O","O",0,"O"
15,1,"have","VB","TO","VBP","PRP","NA",0,83569,"O","O",0,"O"
15,2,"to","NNP","VB","TO","VBP","PRP",0,407216,"O","O",0,"O"
15,3,"say","NNP","NNP","VB","TO","VBP",0,15684,"O","O",0,"O"
15,4,"Salma","TO","NNP","NNP","VB","TO",0,77,"P","P",0,"P"
15,5,"Hayek","PRP","TO","NNP","NNP","VB",0,97,"P","P",0,"P"
15,6,"to","VBZ","PRP","TO","NNP","NNP",0,407216,"O","O",0,"O"
15,7,"me","DT","VBZ","PRP","TO","NNP",0,31848,"O","O",0,"O"
15,8,"is","JJS","DT","VBZ","PRP","TO",0,321694,"O","O",0,"O"
15,9,"the","NN","JJS","DT","VBZ","PRP",0,1014971,"O","O",1,"O"
15,10,"closest","TO","NN","JJS","DT","VBZ",0,274,"O","O",1,"O"
15,11,"thing","NN","TO","NN","JJS","DT",0,13545,"O","O",1,"O"
15,12,"to","IN","NN","TO","NN","JJS",0,407216,"O","O",1,"O"
15,13,"perfection","DT","IN","NN","TO","NN",0,434,"O","O",0,"O"
15,14,"in","NN","DT","IN","NN","TO",0,282877,"O","O",1,"O"
15,15,"this","NA","NN","DT","IN","NN",0,226658,"O","O",1,"O"
15,16,"world","NA","NA","NN","DT","IN",1,11629,"O","O",1,"O"
16,0,"My","NN","JJ","PRP$","NA","NA",1,36415,"O","O",0,"O"
16,1,"favorite","VBZ","NN","JJ","PRP$","NA",0,3597,"O","O",0,"O"
16,2,"actress","NNP","VBZ","NN","JJ","PRP$",0,3535,"O","O",0,"O"
16,3,"is","NNP","NNP","VBZ","NN","JJ",0,321694,"O","O",0,"O"
16,4,"Kate","NA","NNP","NNP","VBZ","NN",0,754,"P","P",0,"O"
16,5,"Hudson","NA","NA","NNP","NNP","VBZ",1,379,"P","P",0,"O"
17,0,"Michael","VBZ","NNP","NNP","NA","NA",1,3637,"P","P",0,"O"
17,1,"Pitt","RB","VBZ","NNP","NNP","NA",0,474,"P","P",0,"P"
17,2,"is","JJ","RB","VBZ","NNP","NNP",0,321694,"O","O",0,"O"
17,3,"absolutely","NA","JJ","RB","VBZ","NNP",0,4385,"O","O",0,"O"
17,4,"gorgeous","NA","NA","JJ","RB","VBZ",1,1070,"O","O",0,"O"
18,0,"Yeah","MD","PRP","NN","NA","NA",1,1438,"O","O",0,"O"
18,1,"I","VB","MD","PRP","NN","NA",0,258405,"O","O",0,"O"
18,2,"'d","TO","VB","MD","PRP","NN",0,10109,"O","O",0,"O"
18,3,"have","VB","TO","VB","MD","PRP",0,83569,"O","O",0,"O"
18,4,"to","NA","VB","TO","VB","MD",0,407216,"O","O",0,"O"
18,5,"agree","NA","NA","VB","TO","VB",1,1680,"O","O",0,"O"
19,0,"Jennifer","VBZ","NNP","NNP","NA","NA",1,799,"P","P",1,"O"
19,1,"Aniston","DT","VBZ","NNP","NNP","NA",0,84,"P","P",1,"P"
19,2,"is","JJ","DT","VBZ","NNP","NNP",0,321694,"O","O",1,"O"
19,3,"a","NN","JJ","DT","VBZ","NNP",0,491473,"O","O",1,"O"
19,4,"nice","IN","NN","JJ","DT","VBZ",0,5752,"O","O",0,"O"
19,5,"peice","NN","IN","NN","JJ","DT",0,0,"O","O",1,"P"
19,6,"of","NA","NN","IN","NN","JJ",0,439756,"O","O",1,"O"
19,7,"ass","NA","NA","NN","IN","NN",1,887,"O","O",1,"O"
20,0,"The","NNP","JJ","DT","NA","NA",1,1014971,"O","O",0,"O"
20,1,"Green","NNP","NNP","JJ","DT","NA",0,1214,"ORGANIZATION","O",0,"O"
20,2,"Lantern","VBZ","NNP","NNP","JJ","DT",0,0,"ORGANIZATION","O",0,"O"
20,3,"Corps","VBN","VBZ","NNP","NNP","JJ",0,49,"ORGANIZATION","O",0,"O"
20,4,"has","IN","VBN","VBZ","NNP","NNP",0,50800,"O","O",0,"O"
20,5,"battled","DT","IN","VBN","VBZ","NNP",0,0,"O","O",0,"O"
20,6,"against","NNS","DT","IN","VBN","VBZ",0,4385,"O","O",1,"O"
20,7,"the","IN","NNS","DT","IN","VBN",0,1014971,"O","O",1,"O"
20,8,"forces","NN","IN","NNS","DT","IN",0,881,"O","O",1,"O"
20,9,"of","CC","NN","IN","NNS","DT",0,439756,"O","O",1,"O"
20,10,"evil","NN","CC","NN","IN","NNS",0,4288,"O","O",0,"O"
20,11,"and","IN","NN","CC","NN","IN",0,494087,"O","O",1,"O"
20,12,"chaos","DT","IN","NN","CC","NN",0,309,"O","O",1,"O"
20,13,"for","NN","DT","IN","NN","CC",0,133639,"O","O",1,"O"
20,14,"a","NA","NN","DT","IN","NN",0,491473,"O","O",1,"O"
20,15,"millennium","NA","NA","NN","DT","IN",1,122,"O","O",0,"O"
21,0,"Jessica","CC","NNP","NNP","NA","NA",1,421,"P","P",0,"O"
21,1,"Biel","NNP","CC","NNP","NNP","NA",0,0,"P","P",0,"P"
21,2,"and","NNP","NNP","CC","NNP","NNP",0,494087,"O","O",0,"O"
21,3,"Angelina","VBP","NNP","NNP","CC","NNP",0,155,"P","P",0,"O"
21,4,"Jolie","JJ","VBP","NNP","NNP","CC",0,189,"P","P",0,"O"
21,5,"have","VBZ","JJ","VBP","NNP","NNP",0,83569,"O","O",0,"O"
21,6,"gorgeous","NA","VBZ","JJ","VBP","NNP",0,1070,"O","O",0,"O"
21,7,"faces","NA","NA","VBZ","JJ","VBP",1,1141,"O","O",0,"O"
22,0,"Classy","RB","VBZ","NNP","NA","NA",1,185,"O","O",0,"O"
22,1,"is","DT","RB","VBZ","NNP","NA",0,321694,"O","O",1,"O"
22,2,"probably","JJS","DT","RB","VBZ","NNP",0,8457,"O","O",1,"O"
22,3,"the","JJ","JJS","DT","RB","VBZ",0,1014971,"O","O",1,"O"
22,4,"least","NN","JJ","JJS","DT","RB",0,9351,"O","O",1,"O"
22,5,"likely","PRP","NN","JJ","JJS","DT",0,1281,"O","O",0,"O"
22,6,"word","MD","PRP","NN","JJ","JJS",0,2792,"O","O",1,"O"
22,7,"you","VB","MD","PRP","NN","JJ",0,103796,"O","O",1,"O"
22,8,"would","NN","VB","MD","PRP","NN",0,37105,"O","O",1,"O"
22,9,"expect","VBN","NN","VB","MD","PRP",0,3639,"O","O",1,"O"
22,10,"hear","IN","VBN","NN","VB","MD",0,2147,"O","O",0,"O"
22,11,"associated","NNP","IN","VBN","NN","VB",0,399,"O","O",0,"O"
22,12,"with","NNP","NNP","IN","VBN","NN",0,133897,"O","O",0,"O"
22,13,"Clara","NA","NNP","NNP","IN","VBN",0,136,"P","O",0,"O"
22,14,"Bow","NA","NA","NNP","NNP","IN",1,246,"P","O",0,"O"
23,0,"I","NNP","VBP","PRP","NA","NA",1,258405,"O","O",0,"O"
23,1,"adore","NNP","NNP","VBP","PRP","NA",0,192,"O","O",0,"O"
23,2,"Shawnee","DT","NNP","NNP","VBP","PRP",0,0,"P","P",0,"O"
23,3,"Smith","JJ","DT","NNP","NNP","VBP",0,1441,"P","P",0,"O"
23,4,"a","NN","JJ","DT","NNP","NNP",0,491473,"O","O",0,"O"
23,5,"whole","NA","NN","JJ","DT","NNP",0,9415,"O","O",0,"O"
23,6,"lot","NA","NA","NN","JJ","DT",1,12244,"O","O",0,"O"
24,0,"Josie","VBD","NNP","NNP","NA","NA",1,96,"P","O",0,"O"
24,1,"Maran","CD","VBD","NNP","NNP","NA",0,0,"P","O",0,"P"
24,2,"was","IN","CD","VBD","NNP","NNP",0,144148,"O","O",0,"O"
24,3,"one","NNP","IN","CD","VBD","NNP",0,81320,"O","O",0,"O"
24,4,"of","POS","NNP","IN","CD","VBD",0,439756,"O","O",0,"O"
24,5,"Dracula","NNP","POS","NNP","IN","CD",0,844,"O","O",0,"P"
24,6,"'s","IN","NNP","POS","NNP","IN",0,197995,"O","O",0,"O"
24,7,"Brides","NNP","IN","NNP","POS","NNP",0,77,"O","O",0,"O"
24,8,"in","NNP","NNP","IN","NNP","POS",0,282877,"O","O",0,"O"
24,9,"Van","NA","NNP","NNP","IN","NNP",0,1613,"P","O",0,"O"
24,10,"Hesling","NA","NA","NNP","NNP","IN",1,0,"P","O",0,"P"
25,0,"Sexiest","VBZ","NNP","NNP","NA","NA",1,52,"O","O",0,"O"
25,1,"Actor","NNP","VBZ","NNP","NNP","NA",0,6992,"O","O",0,"O"
25,2,"is","NNP","NNP","VBZ","NNP","NNP",0,321694,"O","O",0,"O"
25,3,"Brad","NA","NNP","NNP","VBZ","NNP",0,482,"P","P",0,"O"
25,4,"Pitt","NA","NA","NNP","NNP","VBZ",1,474,"P","P",0,"P"
26,0,"Sexiest","NNP","NN","NNP","NA","NA",1,52,"O","O",0,"O"
26,1,"actress","NNP","NNP","NN","NNP","NA",0,3535,"O","O",0,"O"
26,2,"Angelina","NA","NNP","NNP","NN","NNP",0,155,"P","O",0,"O"
26,3,"Jolie","NA","NA","NNP","NNP","NN",1,189,"P","O",0,"O"
27,0,"Sorry","PRP","CC","NNP","NA","NA",1,2397,"O","O",1,"O"
27,1,"but","RB","PRP","CC","NNP","NA",0,126937,"O","O",1,"O"
27,2,"I","VBP","RB","PRP","CC","NNP",0,258405,"O","O",1,"O"
27,3,"absolutely","NNP","VBP","RB","PRP","CC",0,4385,"O","O",1,"O"
27,4,"loath","NNP","NNP","VBP","RB","PRP",0,0,"O","O",0,"O"
27,5,"Keira","NA","NNP","NNP","VBP","RB",0,62,"P","P",1,"P"
27,6,"Knightley","NA","NA","NNP","NNP","VBP",1,97,"P","P",1,"P"
28,0,"Angelina","VBZ","NNP","NNP","NA","NA",1,155,"P","O",0,"O"
28,1,"Jolie","JJ","VBZ","NNP","NNP","NA",0,189,"P","O",0,"O"
28,2,"is","NA","JJ","VBZ","NNP","NNP",0,321694,"O","O",0,"O"
28,3,"awesome","NA","NA","JJ","VBZ","NNP",1,1483,"O","O",0,"O"
29,0,"I","VBP","RB","PRP","NA","NA",1,258405,"O","O",0,"O"
29,1,"also","TO","VBP","RB","PRP","NA",0,27505,"O","O",0,"O"
29,2,"forget","VB","TO","VBP","RB","PRP",0,2182,"O","O",0,"O"
29,3,"to","DT","VB","TO","VBP","RB",0,407216,"O","O",0,"O"
29,4,"mention","JJ","DT","VB","TO","VBP",0,2435,"O","O",0,"O"
29,5,"the","NNP","JJ","DT","VB","TO",0,1014971,"O","O",0,"O"
29,6,"gorgeous","NNP","NNP","JJ","DT","VB",0,1070,"O","O",0,"O"
29,7,"Antonio","NA","NNP","NNP","JJ","DT",0,234,"P","P",0,"O"
29,8,"Banderas","NA","NA","NNP","NNP","JJ",1,113,"P","P",0,"P"
30,0,"Some","PRP","NN","DT","NA","NA",1,47817,"O","O",1,"O"
30,1,"day","MD","PRP","NN","DT","NA",0,8083,"O","O",1,"O"
30,2,"I","VB","MD","PRP","NN","DT",0,258405,"O","O",1,"O"
30,3,"would","TO","VB","MD","PRP","NN",0,37105,"O","O",1,"O"
30,4,"love","VB","TO","VB","MD","PRP",0,19459,"O","O",0,"O"
30,5,"to","NNP","VB","TO","VB","MD",0,407216,"O","O",1,"O"
30,6,"ask","NNP","NNP","VB","TO","VB",0,1788,"O","O",1,"O"
30,7,"Catherine","NNP","NNP","NNP","VB","TO",0,366,"P","O",1,"O"
30,8,"Zeta","RP","NNP","NNP","NNP","VB",0,73,"P","O",1,"O"
30,9,"Jones","NA","RP","NNP","NNP","NNP",0,1413,"P","O",0,"P"
30,10,"out","NA","NA","RP","NNP","NNP",1,51432,"O","O",0,"O"
31,0,"I","VB","MD","PRP","NA","NA",1,258405,"O","O",0,"O"
31,1,"'ll","NNP","VB","MD","PRP","NA",0,8729,"O","O",0,"O"
31,2,"take","NNP","NNP","VB","MD","PRP",0,10584,"O","O",0,"O"
31,3,"Hugh","CC","NNP","NNP","VB","MD",0,303,"P","P",0,"O"
31,4,"Jackman","VBP","CC","NNP","NNP","VB",0,75,"P","P",0,"P"
31,5,"and","DT","VBP","CC","NNP","NNP",0,494087,"O","O",0,"O"
31,6,"leave","NN","DT","VBP","CC","NNP",0,3294,"O","O",0,"O"
31,7,"the","TO","NN","DT","VBP","CC",0,1014971,"O","O",0,"O"
31,8,"rest","NN","TO","NN","DT","VBP",0,5162,"O","O",0,"O"
31,9,"to","RB","NN","TO","NN","DT",0,407216,"O","O",0,"O"
31,10,"everyone","NA","RB","NN","TO","NN",0,6723,"O","O",0,"O"
31,11,"else","NA","NA","RB","NN","TO",1,5948,"O","O",0,"O"
32,0,"The","JJ","JJ","DT","NA","NA",1,1014971,"O","O",0,"O"
32,1,"red","NN","JJ","JJ","DT","NA",0,2402,"O","O",0,"O"
32,2,"haired","VBZ","NN","JJ","JJ","DT",0,253,"O","O",0,"O"
32,3,"actress","VBN","VBZ","NN","JJ","JJ",0,3535,"O","O",0,"O"
32,4,"is","NNP","VBN","VBZ","NN","JJ",0,321694,"O","O",0,"O"
32,5,"called","NNP","NNP","VBN","VBZ","NN",0,4294,"O","O",0,"O"
32,6,"Lauren","NA","NNP","NNP","VBN","VBZ",0,190,"P","O",0,"O"
32,7,"Ambrose","NA","NA","NNP","NNP","VBN",1,0,"P","O",0,"O"
33,0,"Jennifer","VBZ","NNP","NNP","NA","NA",1,799,"P","P",0,"O"
33,1,"Connelly","JJ","VBZ","NNP","NNP","NA",0,106,"P","P",0,"P"
33,2,"is","IN","JJ","VBZ","NNP","NNP",0,321694,"O","O",0,"O"
33,3,"beautiful","DT","IN","JJ","VBZ","NNP",0,6101,"O","O",0,"O"
33,4,"in","JJ","DT","IN","JJ","VBZ",0,282877,"O","O",0,"O"
33,5,"that","NN","JJ","DT","IN","JJ",0,218899,"O","O",0,"O"
33,6,"remarkable","NA","NN","JJ","DT","IN",0,828,"O","O",0,"O"
33,7,"way","NA","NA","NN","JJ","DT",1,24085,"O","O",0,"O"
34,0,"I","IN","VBP","PRP","NA","NA",1,258405,"O","O",1,"O"
34,1,"do","NNP","IN","VBP","PRP","NA",0,27458,"O","O",1,"O"
34,2,"like","NNP","NNP","IN","VBP","PRP",0,60973,"O","O",1,"O"
34,3,"Jennifer","JJR","NNP","NNP","IN","VBP",0,799,"P","O",1,"O"
34,4,"Connelly","IN","JJR","NNP","NNP","IN",0,106,"P","O",1,"P"
34,5,"better","NNP","IN","JJR","NNP","NNP",0,17522,"O","O",1,"O"
34,6,"than","NNP","NNP","IN","JJR","NNP",0,29723,"O","O",1,"O"
34,7,"Keira","NA","NNP","NNP","IN","JJR",0,62,"P","O",1,"P"
34,8,"Knightly","NA","NA","NNP","NNP","IN",1,0,"P","O",1,"O"
35,0,"Well","PRP","IN","RB","NA","NA",1,32015,"O","O",1,"O"
35,1,"if","VBD","PRP","IN","RB","NA",0,50475,"O","O",1,"O"
35,2,"I","TO","VBD","PRP","IN","RB",0,258405,"O","O",1,"O"
35,3,"had","VB","TO","VBD","PRP","IN",0,33083,"O","O",1,"O"
35,4,"to","TO","VB","TO","VBD","PRP",0,407216,"O","O",1,"O"
35,5,"stick","NNS","TO","VB","TO","VBD",0,1270,"O","O",0,"O"
35,6,"to","PRP$","NNS","TO","VB","TO",0,407216,"O","O",0,"O"
35,7,"people","NN","PRP$","NNS","TO","VB",0,27877,"O","O",0,"O"
35,8,"my","PRP","NN","PRP$","NNS","TO",0,36415,"O","O",0,"O"
35,9,"age","MD","PRP","NN","PRP$","NNS",0,3228,"O","O",0,"O"
35,10,"I","VB","MD","PRP","NN","PRP$",0,258405,"O","O",0,"O"
35,11,"'d","NNP","VB","MD","PRP","NN",0,10109,"O","O",0,"O"
35,12,"say","NNP","NNP","VB","MD","PRP",0,15684,"O","O",0,"O"
35,13,"Emma","CC","NNP","NNP","VB","MD",0,416,"P","P",0,"O"
35,14,"Watson","NNP","CC","NNP","NNP","VB",0,313,"P","P",0,"P"
35,15,"but","NNP","NNP","CC","NNP","NNP",0,126937,"O","O",0,"O"
35,16,"Kate","VBZ","NNP","NNP","CC","NNP",0,754,"P","P",0,"O"
35,17,"Hudson","PRP$","VBZ","NNP","NNP","CC",0,379,"P","P",0,"O"
35,18,"is","NN","PRP$","VBZ","NNP","NNP",0,321694,"O","O",0,"O"
35,19,"my","NA","NN","PRP$","VBZ","NNP",0,36415,"O","O",0,"O"
35,20,"pick","NA","NA","NN","PRP$","VBZ",1,1388,"O","O",0,"O"
36,0,"Angelina","VBZ","NNP","NNP","NA","NA",1,155,"P","O",0,"O"
36,1,"Jolie","PRP$","VBZ","NNP","NNP","NA",0,189,"P","O",0,"O"
36,2,"owns","NN","PRP$","VBZ","NNP","NNP",0,201,"O","O",0,"O"
36,3,"my","NA","NN","PRP$","VBZ","NNP",0,36415,"O","O",0,"O"
36,4,"manhood","NA","NA","NN","PRP$","VBZ",1,55,"O","O",0,"O"
37,0,"Jake","VBZ","NNP","NNP","NA","NA",1,398,"P","P",0,"O"
37,1,"Gyllenhaal","RB","VBZ","NNP","NNP","NA",0,58,"P","P",0,"P"
37,2,"is","JJ","RB","VBZ","NNP","NNP",0,321694,"O","O",0,"O"
37,3,"rather","NA","JJ","RB","VBZ","NNP",0,8096,"O","O",0,"O"
37,4,"dreamy","NA","NA","JJ","RB","VBZ",1,116,"O","O",0,"O"
38,0,"I","RB","VBP","PRP","NA","NA",1,258405,"O","O",0,"O"
38,1,"have","VBD","RB","VBP","PRP","NA",0,83569,"O","O",0,"O"
38,2,"also","DT","VBD","RB","VBP","PRP",0,27505,"O","O",0,"O"
38,3,"had","JJ","DT","VBD","RB","VBP",0,33083,"O","O",1,"O"
38,4,"a","NN","JJ","DT","VBD","RB",0,491473,"O","O",1,"O"
38,5,"long","NN","NN","JJ","DT","VBD",0,10500,"O","O",1,"O"
38,6,"term","NN","NN","NN","JJ","DT",0,563,"O","O",1,"O"
38,7,"love","IN","NN","NN","NN","JJ",0,19459,"O","O",0,"O"
38,8,"affair","NNP","IN","NN","NN","NN",0,1014,"O","O",1,"O"
38,9,"with","NNP","NNP","IN","NN","NN",0,133897,"O","O",1,"O"
38,10,"Jareod","NA","NNP","NNP","IN","NN",0,0,"P","O",1,"P"
38,11,"Leto","NA","NA","NNP","NNP","IN",1,0,"P","O",1,"P"
39,0,"I","PRP","VBD","PRP","NA","NA",1,258405,"O","O",0,"O"
39,1,"bet","VBZ","PRP","VBD","PRP","NA",0,657,"O","O",0,"O"
39,2,"he","RP","VBZ","PRP","VBD","PRP",0,90071,"O","O",0,"O"
39,3,"passes","NNP","RP","VBZ","PRP","VBD",0,351,"O","O",0,"O"
39,4,"up","IN","NNP","RP","VBZ","PRP",0,40653,"O","O",1,"O"
39,5,"Tobey","DT","IN","NNP","RP","VBZ",0,0,"P","P",1,"O"
39,6,"in","NN","DT","IN","NNP","RP",0,282877,"O","O",1,"O"
39,7,"the","NN","NN","DT","IN","NNP",0,1014971,"O","O",1,"O"
39,8,"popularity","DT","NN","NN","DT","IN",0,263,"O","O",0,"O"
39,9,"department","NN","DT","NN","NN","DT",0,594,"O","O",1,"O"
39,10,"some","RB","NN","DT","NN","NN",0,47817,"O","O",1,"O"
39,11,"time","NA","RB","NN","DT","NN",0,37835,"O","O",1,"O"
39,12,"soon","NA","NA","RB","NN","DT",1,3597,"O","O",1,"O"
40,0,"I","JJ","VBP","PRP","NA","NA",1,258405,"O","O",0,"O"
40,1,"'m","TO","JJ","VBP","PRP","NA",0,15216,"O","O",0,"O"
40,2,"attracted","DT","TO","JJ","VBP","PRP",0,350,"O","O",0,"O"
40,3,"to","NNP","DT","TO","JJ","VBP",0,407216,"O","O",0,"O"
40,4,"that","NNP","NNP","DT","TO","JJ",0,218899,"O","O",0,"O"
40,5,"Monica","NN","NNP","NNP","DT","TO",0,148,"P","O",0,"O"
40,6,"Bellucci","NA","NN","NNP","NNP","DT",0,0,"P","O",0,"P"
40,7,"actress","NA","NA","NN","NNP","NNP",1,3535,"O","O",0,"O"
41,0,"Naomi","VBZ","NNP","NNP","NA","NA",1,73,"P","P",0,"O"
41,1,"Watts","DT","VBZ","NNP","NNP","NA",0,64,"P","P",0,"O"
41,2,"is","RBS","DT","VBZ","NNP","NNP",0,321694,"O","O",0,"O"
41,3,"the","JJ","RBS","DT","VBZ","NNP",0,1014971,"O","O",1,"O"
41,4,"most","CC","JJ","RBS","DT","VBZ",0,26485,"O","O",1,"O"
41,5,"beautiful","JJ","CC","JJ","RBS","DT",0,6101,"O","O",1,"O"
41,6,"and","NN","JJ","CC","JJ","RBS",0,494087,"O","O",1,"O"
41,7,"talented","IN","NN","JJ","CC","JJ",0,1717,"O","O",0,"O"
41,8,"actress","NN","IN","NN","JJ","CC",0,3535,"O","O",1,"O"
41,9,"in","NA","NN","IN","NN","JJ",0,282877,"O","O",1,"O"
41,10,"hollywood","NA","NA","NN","IN","NN",1,5753,"O","O",1,"P"
42,0,"I","NNP","VBP","PRP","NA","NA",1,258405,"O","O",0,"O"
42,1,"think","NNP","NNP","VBP","PRP","NA",0,21294,"O","O",0,"O"
42,2,"Naomi","VBZ","NNP","NNP","VBP","PRP",0,73,"P","O",0,"O"
42,3,"Watts","JJ","VBZ","NNP","NNP","VBP",0,64,"P","O",0,"O"
42,4,"is","IN","JJ","VBZ","NNP","NNP",0,321694,"O","O",0,"O"
42,5,"beautiful","PRP","IN","JJ","VBZ","NNP",0,6101,"O","O",0,"O"
42,6,"until","VBZ","PRP","IN","JJ","VBZ",0,5429,"O","O",0,"O"
42,7,"she","VBG","VBZ","PRP","IN","JJ",0,41775,"O","O",0,"O"
42,8,"starts","NA","VBG","VBZ","PRP","IN",0,3768,"O","O",0,"O"
42,9,"talking","NA","NA","VBG","VBZ","PRP",1,2773,"O","O",0,"O"
43,0,"Tom","VBZ","NNP","NNP","NA","NA",1,2373,"P","P",0,"O"
43,1,"Hardy","VBN","VBZ","NNP","NNP","NA",0,426,"P","P",0,"O"
43,2,"has","IN","VBN","VBZ","NNP","NNP",0,50800,"O","O",0,"O"
43,3,"dropped","IN","IN","VBN","VBZ","NNP",0,412,"O","O",0,"O"
43,4,"out","NNP","IN","IN","VBN","VBZ",0,51432,"O","O",0,"O"
43,5,"of","NNP","NNP","IN","IN","VBN",0,439756,"O","O",0,"O"
43,6,"Suicide","JJ","NNP","NNP","IN","IN",0,904,"O","O",0,"O"
43,7,"Squad","TO","JJ","NNP","NNP","IN",0,239,"O","O",0,"O"
43,8,"due","VBG","TO","JJ","NNP","NNP",0,2670,"O","O",0,"O"
43,9,"to","NA","VBG","TO","JJ","NNP",0,407216,"O","O",0,"O"
43,10,"scheduling","NA","NA","VBG","TO","JJ",1,0,"O","O",0,"O"
44,0,"Elba","VB","MD","NNP","NA","NA",1,0,"P","O",0,"P"
44,1,"would","DT","VB","MD","NNP","NA",0,37105,"O","O",0,"O"
44,2,"be","JJ","DT","VB","MD","NNP",0,81558,"O","O",0,"O"
44,3,"a","NN","JJ","DT","VB","MD",0,491473,"O","O",0,"O"
44,4,"fantastic","CC","NN","JJ","DT","VB",0,2241,"O","O",1,"O"
44,5,"Bond","PRP","CC","NN","JJ","DT",0,1156,"P","O",1,"O"
44,6,"but","VBP","PRP","CC","NN","JJ",0,126937,"O","O",1,"O"
44,7,"I","PRP","VBP","PRP","CC","NN",0,258405,"O","O",1,"O"
44,8,"fear","VBZ","PRP","VBP","PRP","CC",0,1612,"O","O",0,"O"
44,9,"it","RB","VBZ","PRP","VBP","PRP",0,287854,"O","O",1,"O"
44,10,"'s","JJ","RB","VBZ","PRP","VBP",0,197995,"O","O",1,"O"
44,11,"too","IN","JJ","RB","VBZ","PRP",0,23496,"O","O",1,"O"
44,12,"late","DT","IN","JJ","RB","VBZ",0,3459,"O","O",1,"O"
44,13,"in","NN","DT","IN","JJ","RB",0,282877,"O","O",0,"O"
44,14,"the","NA","NN","DT","IN","JJ",0,1014971,"O","O",0,"O"
44,15,"game","NA","NA","NN","DT","IN",1,4148,"O","O",0,"O"
45,0,"Jake","VBZ","NNP","NNP","NA","NA",1,398,"P","P",1,"O"
45,1,"Gyllenhaal","VBN","VBZ","NNP","NNP","NA",0,58,"P","P",1,"P"
45,2,"is","TO","VBN","VBZ","NNP","NNP",0,321694,"O","O",1,"O"
45,3,"rumored","VB","TO","VBN","VBZ","NNP",0,0,"O","O",0,"O"
45,4,"to","NA","VB","TO","VBN","VBZ",0,407216,"O","O",1,"O"
45,5,"replace","NA","NA","VB","TO","VBN",1,261,"O","O",1,"O"
46,0,"The","JJ","RBS","DT","NA","NA",1,1014971,"O","O",0,"O"
46,1,"most","NN","JJ","RBS","DT","NA",0,26485,"O","O",0,"O"
46,2,"obvious","IN","NN","JJ","RBS","DT",0,3220,"O","O",0,"O"
46,3,"choice","PRP","IN","NN","JJ","RBS",0,1639,"O","O",0,"O"
46,4,"for","VBZ","PRP","IN","NN","JJ",0,133639,"O","O",0,"O"
46,5,"me","JJ","VBZ","PRP","IN","NN",0,31848,"O","O",0,"O"
46,6,"is","NNP","JJ","VBZ","PRP","IN",0,321694,"O","O",0,"O"
46,7,"Sean","NA","NNP","JJ","VBZ","PRP",0,844,"P","O",0,"O"
46,8,"Penn","NA","NA","NNP","JJ","VBZ",1,453,"P","O",0,"O"
47,0,"John","VBD","NNP","NNP","NA","NA",1,6857,"P","P",1,"O"
47,1,"Turturro","DT","VBD","NNP","NNP","NA",0,73,"P","P",1,"P"
47,2,"was","JJ","DT","VBD","NNP","NNP",0,144148,"O","O",1,"O"
47,3,"a","NN","JJ","DT","VBD","NNP",0,491473,"O","O",1,"O"
47,4,"great","NA","NN","JJ","DT","VBD",0,27441,"O","O",0,"O"
47,5,"choice","NA","NA","NN","JJ","DT",1,1639,"O","O",1,"O"
48,0,"Dustin","VBZ","NNP","NNP","NA","NA",1,176,"P","P",0,"O"
48,1,"Hoffman","DT","VBZ","NNP","NNP","NA",0,391,"P","P",0,"P"
48,2,"is","NN","DT","VBZ","NNP","NNP",0,321694,"O","O",0,"O"
48,3,"another","PRP","NN","DT","VBZ","NNP",0,13133,"O","O",0,"O"
48,4,"actor","VBP","PRP","NN","DT","VBZ",0,6992,"O","O",0,"O"
48,5,"I","RB","VBP","PRP","NN","DT",0,258405,"O","O",0,"O"
48,6,"'m","JJ","RB","VBP","PRP","NN",0,15216,"O","O",0,"O"
48,7,"always","TO","JJ","RB","VBP","PRP",0,9518,"O","O",0,"O"
48,8,"willing","VB","TO","JJ","RB","VBP",0,944,"O","O",0,"O"
48,9,"to","DT","VB","TO","JJ","RB",0,407216,"O","O",0,"O"
48,10,"take","NN","DT","VB","TO","JJ",0,10584,"O","O",0,"O"
48,11,"a","IN","NN","DT","VB","TO",0,491473,"O","O",0,"O"
48,12,"chance","NA","IN","NN","DT","VB",0,3091,"O","O",0,"O"
48,13,"on","NA","NA","IN","NN","DT",1,101865,"O","O",0,"O"
49,0,"I","RB","VBD","PRP","NA","NA",1,258405,"O","O",0,"O"
49,1,"did","VB","RB","VBD","PRP","NA",0,18807,"O","O",0,"O"
49,2,"n't","IN","VB","RB","VBD","PRP",0,115,"O","O",0,"O"
49,3,"care","DT","IN","VB","RB","VBD",0,4193,"O","O",0,"O"
49,4,"for","JJ","DT","IN","VB","RB",0,133639,"O","O",0,"O"
49,5,"the","NN","JJ","DT","IN","VB",0,1014971,"O","O",0,"O"
49,6,"subject","CC","NN","JJ","DT","IN",0,2050,"O","O",0,"O"
49,7,"matter","PRP","CC","NN","JJ","DT",0,3623,"O","O",0,"O"
49,8,"and","VBP","PRP","CC","NN","JJ",0,494087,"O","O",1,"O"
49,9,"I","RB","VBP","PRP","CC","NN",0,258405,"O","O",1,"O"
49,10,"do","VB","RB","VBP","PRP","CC",0,27458,"O","O",1,"O"
49,11,"n't","NNP","VB","RB","VBP","PRP",0,115,"O","O",1,"O"
49,12,"like","NNP","NNP","VB","RB","VBP",0,60973,"O","O",0,"O"
49,13,"Tom","NA","NNP","NNP","VB","RB",0,2373,"P","P",1,"O"
49,14,"Cruise","NA","NA","NNP","NNP","VB",1,409,"P","P",1,"O"
50,0,"Lee","VBD","NNP","NNP","NA","NA",1,2336,"P","O",0,"O"
50,1,"Marvin","DT","VBD","NNP","NNP","NA",0,130,"P","O",0,"O"
50,2,"was","NN","DT","VBD","NNP","NNP",0,144148,"O","O",0,"O"
50,3,"another","IN","NN","DT","VBD","NNP",0,13133,"O","O",0,"O"
50,4,"actor","DT","IN","NN","DT","VBD",0,6992,"O","O",0,"O"
50,5,"with","NN","DT","IN","NN","DT",0,133897,"O","O",0,"O"
50,6,"that","NA","NN","DT","IN","NN",0,218899,"O","O",0,"O"
50,7,"quality","NA","NA","NN","DT","IN",1,3842,"O","O",0,"O"
51,0,"For","PRP","PRP","IN","NA","NA",1,133639,"O","O",0,"O"
51,1,"me","MD","PRP","PRP","IN","NA",0,31848,"O","O",0,"O"
51,2,"I","VB","MD","PRP","PRP","IN",0,258405,"O","O",0,"O"
51,3,"'d","TO","VB","MD","PRP","PRP",0,10109,"O","O",0,"O"
51,4,"pay","VB","TO","VB","MD","PRP",0,1896,"O","O",0,"O"
51,5,"to","NNP","VB","TO","VB","MD",0,407216,"O","O",0,"O"
51,6,"see","NNP","NNP","VB","TO","VB",0,34646,"O","O",0,"O"
51,7,"Bette","NNP","NNP","NNP","VB","TO",0,523,"P","P",0,"O"
51,8,"Davis","NNP","NNP","NNP","NNP","VB",0,1103,"P","P",0,"O"
51,9,"Katharine","NNP","NNP","NNP","NNP","NNP",0,71,"P","P",0,"O"
51,10,"Hepburn","NNP","NNP","NNP","NNP","NNP",0,211,"P","P",0,"P"
51,11,"Greer","CC","NNP","NNP","NNP","NNP",0,56,"P","P",0,"O"
51,12,"Garson","NNP","CC","NNP","NNP","NNP",0,94,"P","P",0,"P"
51,13,"and","NNP","NNP","CC","NNP","NNP",0,494087,"O","O",0,"O"
51,14,"Cary","IN","NNP","NNP","CC","NNP",0,486,"P","P",0,"O"
51,15,"Grant","NN","IN","NNP","NNP","CC",0,1215,"P","P",0,"O"
51,16,"in","NA","NN","IN","NNP","NNP",0,282877,"O","O",0,"O"
51,17,"anything","NA","NA","NN","IN","NNP",1,8615,"O","O",0,"O"
52,0,"Michael","RB","NNP","NNP","NA","NA",1,3637,"P","O",0,"O"
52,1,"Caine","VBZ","RB","NNP","NNP","NA",0,384,"P","O",0,"P"
52,2,"however","VBN","VBZ","RB","NNP","NNP",0,10577,"O","O",0,"O"
52,3,"has","IN","VBN","VBZ","RB","NNP",0,50800,"O","O",0,"O"
52,4,"been","DT","IN","VBN","VBZ","RB",0,27899,"O","O",0,"O"
52,5,"in","DT","DT","IN","VBN","VBZ",0,282877,"O","O",0,"O"
52,6,"both","IN","DT","DT","IN","VBN",0,10492,"O","O",1,"O"
52,7,"some","DT","IN","DT","DT","IN",0,47817,"O","O",1,"O"
52,8,"of","JJS","DT","IN","DT","DT",0,439756,"O","O",1,"O"
52,9,"the","CC","JJS","DT","IN","DT",0,1014971,"O","O",1,"O"
52,10,"best","DT","CC","JJS","DT","IN",0,19061,"O","O",0,"O"
52,11,"and","IN","DT","CC","JJS","DT",0,494087,"O","O",1,"O"
52,12,"some","DT","IN","DT","CC","JJS",0,47817,"O","O",1,"O"
52,13,"of","JJS","DT","IN","DT","CC",0,439756,"O","O",1,"O"
52,14,"the","NNS","JJS","DT","IN","DT",0,1014971,"O","O",1,"O"
52,15,"worst","NNP","NNS","JJS","DT","IN",0,7992,"O","O",0,"O"
52,16,"movies","RB","NNP","NNS","JJS","DT",0,23125,"O","O",1,"O"
52,17,"I’ve","VBN","RB","NNP","NNS","JJS",0,0,"O","O",1,"P"
52,18,"ever","NA","VBN","RB","NNP","NNS",0,17922,"O","O",1,"O"
52,19,"seen","NA","NA","VBN","RB","NNP",1,19613,"O","O",1,"O"
53,0,"Tilda","RB","NNP","NNP","NA","NA",1,76,"ORGANIZATION","ORGANIZATION",0,"O"
53,1,"Swinton","VBD","RB","NNP","NNP","NA",0,96,"ORGANIZATION","ORGANIZATION",1,"P"
53,2,"actually","NNP","VBD","RB","NNP","NNP",0,12781,"O","O",1,"O"
53,3,"made","IN","NNP","VBD","RB","NNP",0,24636,"O","O",1,"O"
53,4,"Constantine","PRP$","IN","NNP","VBD","RB",0,0,"O","P",1,"O"
53,5,"worth","NN","PRP$","IN","NNP","VBD",0,7131,"O","O",0,"O"
53,6,"my","NA","NN","PRP$","IN","NNP",0,36415,"O","O",1,"O"
53,7,"time","NA","NA","NN","PRP$","IN",1,37835,"O","O",1,"O"
54,0,"That","JJ","VBZ","DT","NA","NA",1,218899,"O","O",1,"O"
54,1,"'s","IN","JJ","VBZ","DT","NA",0,197995,"O","O",1,"O"
54,2,"cool","PRP","IN","JJ","VBZ","DT",0,3095,"O","O",0,"O"
54,3,"if","VBP","PRP","IN","JJ","VBZ",0,50475,"O","O",1,"O"
54,4,"you","RB","VBP","PRP","IN","JJ",0,103796,"O","O",1,"O"
54,5,"do","VB","RB","VBP","PRP","IN",0,27458,"O","O",1,"O"
54,6,"n't","IN","VB","RB","VBP","PRP",0,115,"O","O",1,"O"
54,7,"care","NNP","IN","VB","RB","VBP",0,4193,"O","O",0,"O"
54,8,"for","NNP","NNP","IN","VB","RB",0,133639,"O","O",0,"O"
54,9,"Mr.","NA","NNP","NNP","IN","VB",0,0,"O","O",0,"P"
54,10,"Caine","NA","NA","NNP","NNP","IN",1,384,"P","O",0,"P"
55,0,"As","NNP","IN","IN","NA","NA",1,139962,"O","O",0,"O"
55,1,"for","NNP","NNP","IN","IN","NA",0,133639,"O","O",0,"O"
55,2,"Emma","PRP","NNP","NNP","IN","IN",0,416,"P","P",0,"O"
55,3,"Thompson","VBP","PRP","NNP","NNP","IN",0,293,"P","P",0,"P"
55,4,"I","RB","VBP","PRP","NNP","NNP",0,258405,"O","O",0,"O"
55,5,"'ve","VBN","RB","VBP","PRP","NNP",0,15254,"O","O",0,"O"
55,6,"always","PRP","VBN","RB","VBP","PRP",0,9518,"O","O",0,"O"
55,7,"found","TO","PRP","VBN","RB","VBP",0,7817,"O","O",0,"O"
55,8,"her","VB","TO","PRP","VBN","RB",0,54592,"O","O",0,"O"
55,9,"to","DT","VB","TO","PRP","VBN",0,407216,"O","O",0,"O"
55,10,"be","JJ","DT","VB","TO","PRP",0,81558,"O","O",0,"O"
55,11,"an","NN","JJ","DT","VB","TO",0,65086,"O","O",0,"O"
55,12,"interesting","NA","NN","JJ","DT","VB",0,9530,"O","O",0,"O"
55,13,"performer","NA","NA","NN","JJ","DT",1,303,"O","O",0,"O"
56,0,"As","NNP","IN","IN","NA","NA",1,139962,"O","O",0,"O"
56,1,"for","NNP","NNP","IN","IN","NA",0,133639,"O","O",0,"O"
56,2,"Meryl","PRP","NNP","NNP","IN","IN",0,250,"P","O",0,"O"
56,3,"Streep","VBD","PRP","NNP","NNP","IN",0,336,"P","O",0,"P"
56,4,"it","IN","VBD","PRP","NNP","NNP",0,287854,"O","O",0,"O"
56,5,"seemed","PDT","IN","VBD","PRP","NNP",0,4136,"O","O",0,"O"
56,6,"that","DT","PDT","IN","VBD","PRP",0,218899,"O","O",0,"O"
56,7,"all","JJ","DT","PDT","IN","VBD",0,71118,"O","O",0,"O"
56,8,"the","NNS","JJ","DT","PDT","IN",0,1014971,"O","O",0,"O"
56,9,"early","PRP","NNS","JJ","DT","PDT",0,4670,"O","O",0,"O"
56,10,"movies","VBD","PRP","NNS","JJ","DT",0,23125,"O","O",0,"O"
56,11,"I","PRP","VBD","PRP","NNS","JJ",0,258405,"O","O",0,"O"
56,12,"saw","IN","PRP","VBD","PRP","NNS",0,9443,"O","O",0,"O"
56,13,"her","NA","IN","PRP","VBD","PRP",0,54592,"O","O",0,"O"
56,14,"in","NA","NA","IN","PRP","VBD",1,282877,"O","O",0,"O"
57,0,"I","JJ","VBP","PRP","NA","NA",1,258405,"O","O",1,"O"
57,1,"love","NNP","JJ","VBP","PRP","NA",0,19459,"O","O",0,"O"
57,2,"Brian","NA","NNP","JJ","VBP","PRP",0,877,"P","P",1,"O"
57,3,"Dennehy","NA","NA","NNP","JJ","VBP",1,0,"P","P",1,"P"
58,0,"Morgan","IN","NNP","NNP","NA","NA",1,584,"P","O",0,"O"
58,1,"Freeman","PRP","IN","NNP","NNP","NA",0,368,"P","O",0,"O"
58,2,"for","PRP","PRP","IN","NNP","NNP",0,133639,"O","O",0,"O"
58,3,"me","RB","PRP","PRP","IN","NNP",0,31848,"O","O",0,"O"
58,4,"he","VBZ","RB","PRP","PRP","IN",0,90071,"O","O",0,"O"
58,5,"always","TO","VBZ","RB","PRP","PRP",0,9518,"O","O",0,"O"
58,6,"seems","VB","TO","VBZ","RB","PRP",0,10858,"O","O",0,"O"
58,7,"to","PRP$","VB","TO","VBZ","RB",0,407216,"O","O",0,"O"
58,8,"bring","NNS","PRP$","VB","TO","VBZ",0,2598,"O","O",0,"O"
58,9,"his","TO","NNS","PRP$","VB","TO",0,87950,"O","O",0,"O"
58,10,"characters","NN","TO","NNS","PRP$","VB",0,21837,"O","O",0,"O"
58,11,"to","CC","NN","TO","NNS","PRP$",0,407216,"O","O",0,"O"
58,12,"light","RB","CC","NN","TO","NNS",0,2969,"O","O",0,"O"
58,13,"and","VBZ","RB","CC","NN","TO",0,494087,"O","O",1,"O"
58,14,"probably","DT","VBZ","RB","CC","NN",0,8457,"O","O",1,"O"
58,15,"has","JJS","DT","VBZ","RB","CC",0,50800,"O","O",1,"O"
58,16,"the","NN","JJS","DT","VBZ","RB",0,1014971,"O","O",1,"O"
58,17,"best","CC","NN","JJS","DT","VBZ",0,19061,"O","O",0,"O"
58,18,"voice","NN","CC","NN","JJS","DT",0,3263,"O","O",1,"O"
58,19,"and","IN","NN","CC","NN","JJS",0,494087,"O","O",1,"O"
58,20,"pronunciation","NN","IN","NN","CC","NN",0,0,"O","O",1,"O"
58,21,"in","IN","NN","IN","NN","CC",0,282877,"O","O",1,"O"
58,22,"film","DT","IN","NN","IN","NN",0,121221,"O","O",0,"O"
58,23,"at","NN","DT","IN","NN","IN",0,70059,"O","O",0,"O"
58,24,"the","NA","NN","DT","IN","NN",0,1014971,"O","O",0,"O"
58,25,"moment","NA","NA","NN","DT","IN",1,3281,"O","O",0,"O"
59,0,"I","PRP","VBP","PRP","NA","NA",1,258405,"O","O",0,"O"
59,1,"feel","RB","PRP","VBP","PRP","NA",0,8891,"O","O",0,"O"
59,2,"he","VBP","RB","PRP","VBP","PRP",0,90071,"O","O",0,"O"
59,3,"always","CC","VBP","RB","PRP","VBP",0,9518,"O","O",0,"O"
59,4,"elegant","VBP","CC","VBP","RB","PRP",0,274,"O","O",0,"O"
59,5,"and","IN","VBP","CC","VBP","RB",0,494087,"O","O",0,"O"
59,6,"articulate","NN","IN","VBP","CC","VBP",0,86,"O","O",0,"O"
59,7,"with","CC","NN","IN","VBP","CC",0,133897,"O","O",0,"O"
59,8,"everything","VBZ","CC","NN","IN","VBP",0,6994,"O","O",0,"O"
59,9,"and","DT","VBZ","CC","NN","IN",0,494087,"O","O",0,"O"
59,10,"makes","NNS","DT","VBZ","CC","NN",0,12815,"O","O",0,"O"
59,11,"the","IN","NNS","DT","VBZ","CC",0,1014971,"O","O",0,"O"
59,12,"actors","PRP","IN","NNS","DT","VBZ",0,13266,"O","O",0,"O"
59,13,"around","VBP","PRP","IN","NNS","DT",0,10862,"O","O",0,"O"
59,14,"him","DT","VBP","PRP","IN","NNS",0,26779,"O","O",1,"O"
59,15,"look","NN","DT","VBP","PRP","IN",0,12565,"O","O",1,"O"
59,16,"a","RBR","NN","DT","VBP","PRP",0,491473,"O","O",1,"O"
59,17,"lot","IN","RBR","NN","DT","VBP",0,12244,"O","O",1,"O"
59,18,"better","IN","IN","RBR","NN","DT",0,17522,"O","O",0,"O"
59,19,"because","DT","IN","IN","RBR","NN",0,26920,"O","O",1,"O"
59,20,"of","NN","DT","IN","IN","RBR",0,439756,"O","O",1,"O"
59,21,"the","PRP","NN","DT","IN","IN",0,1014971,"O","O",1,"O"
59,22,"way","VBZ","PRP","NN","DT","IN",0,24085,"O","O",1,"O"
59,23,"he","CC","VBZ","PRP","NN","DT",0,90071,"O","O",0,"O"
59,24,"responds","NNS","CC","VBZ","PRP","NN",0,119,"O","O",0,"O"
59,25,"and","IN","NNS","CC","VBZ","PRP",0,494087,"O","O",0,"O"
59,26,"converses","PRP","IN","NNS","CC","VBZ",0,0,"O","O",0,"O"
59,27,"with","NA","PRP","IN","NNS","CC",0,133897,"O","O",0,"O"
59,28,"them","NA","NA","PRP","IN","NNS",1,24659,"O","O",0,"O"
60,0,"Any","PRP","NN","DT","NA","NA",1,22616,"O","O",0,"O"
60,1,"chance","VBP","PRP","NN","DT","NA",0,3091,"O","O",0,"O"
60,2,"I","TO","VBP","PRP","NN","DT",0,258405,"O","O",0,"O"
60,3,"get","VB","TO","VBP","PRP","NN",0,27918,"O","O",0,"O"
60,4,"to","NNP","VB","TO","VBP","PRP",0,407216,"O","O",0,"O"
60,5,"see","NNP","NNP","VB","TO","VBP",0,34646,"O","O",0,"O"
60,6,"Ed","IN","NNP","NNP","VB","TO",0,1021,"P","O",0,"O"
60,7,"Norton","DT","IN","NNP","NNP","VB",0,81,"P","O",0,"O"
60,8,"in","NN","DT","IN","NNP","NNP",0,282877,"O","O",0,"O"
60,9,"the","NA","NN","DT","IN","NNP",0,1014971,"O","O",0,"O"
60,10,"theater","NA","NA","NN","DT","IN",1,2314,"O","O",0,"O"
61,0,"As","PRP","IN","IN","NA","NA",1,139962,"O","O",0,"O"
61,1,"for","RB","PRP","IN","IN","NA",0,133639,"O","O",0,"O"
61,2,"me","VBP","RB","PRP","IN","IN",0,31848,"O","O",0,"O"
61,3,"i","DT","VBP","RB","PRP","IN",0,258405,"O","O",1,"O"
61,4,"have","NN","DT","VBP","RB","PRP",0,83569,"O","O",1,"O"
61,5,"a","NN","NN","DT","VBP","RB",0,491473,"O","O",1,"O"
61,6,"sort","IN","NN","NN","DT","VBP",0,4360,"O","O",1,"O"
61,7,"crush","NNP","IN","NN","NN","DT",0,264,"O","O",0,"O"
61,8,"on","NNP","NNP","IN","NN","NN",0,101865,"O","O",1,"O"
61,9,"Mark","NA","NNP","NNP","IN","NN",0,1914,"P","P",1,"O"
61,10,"Whalberg","NA","NA","NNP","NNP","IN",1,0,"P","P",1,"P"
62,0,"David","VBZ","NNP","NNP","NA","NA",1,3149,"P","O",1,"O"
62,1,"Strathairn","RB","VBZ","NNP","NNP","NA",0,47,"P","O",1,"P"
62,2,"is","JJ","RB","VBZ","NNP","NNP",0,321694,"O","O",1,"O"
62,3,"quite","IN","JJ","RB","VBZ","NNP",0,11113,"O","O",1,"O"
62,4,"good","NN","IN","JJ","RB","VBZ",0,44866,"O","O",0,"O"
62,5,"in","NA","NN","IN","JJ","RB",0,282877,"O","O",1,"O"
62,6,"everything","NA","NA","NN","IN","JJ",1,6994,"O","O",1,"O"
63,0,"I","JJ","VBP","PRP","NA","NA",1,258405,"O","O",0,"O"
63,1,"see","NNP","JJ","VBP","PRP","NA",0,34646,"O","O",0,"O"
63,2,"Johnny","VBZ","NNP","JJ","VBP","PRP",0,863,"P","P",0,"O"
63,3,"Depp","DT","VBZ","NNP","JJ","VBP",0,86,"P","P",0,"P"
63,4,"makes","RB","DT","VBZ","NNP","JJ",0,12815,"O","O",0,"O"
63,5,"a","JJ","RB","DT","VBZ","NNP",0,491473,"O","O",0,"O"
63,6,"rather","NN","JJ","RB","DT","VBZ",0,8096,"O","O",0,"O"
63,7,"frequent","IN","NN","JJ","RB","DT",0,260,"O","O",0,"O"
63,8,"appearance","DT","IN","NN","JJ","RB",0,1390,"O","O",0,"O"
63,9,"in","NN","DT","IN","NN","JJ",0,282877,"O","O",0,"O"
63,10,"the","NNS","NN","DT","IN","NN",0,1014971,"O","O",0,"O"
63,11,"above","NA","NNS","NN","DT","IN",0,2532,"O","O",0,"O"
63,12,"lists","NA","NA","NNS","NN","DT",1,113,"O","O",0,"O"
64,0,"Hugh","VBZ","NNP","NNP","NA","NA",1,303,"P","O",0,"O"
64,1,"Jackman","VBN","VBZ","NNP","NNP","NA",0,75,"P","O",0,"P"
64,2,"has","NNS","VBN","VBZ","NNP","NNP",0,50800,"O","O",0,"O"
64,3,"awesome","NA","NNS","VBN","VBZ","NNP",0,1483,"O","O",0,"O"
64,4,"movies","NA","NA","NNS","VBN","VBZ",1,23125,"O","O",0,"O"
65,0,"Leonardo","NA","NNP","NNP","NA","NA",1,110,"P","P",0,"O"
65,1,"DiCaprio","NA","NA","NNP","NNP","NA",1,105,"P","P",0,"P"
66,0,"Al","NA","NNP","NNP","NA","NA",1,983,"P","O",0,"O"
66,1,"Pacino","NA","NA","NNP","NNP","NA",1,449,"P","O",0,"P"
67,0,"Robert","NNP","NNP","NNP","NA","NA",1,3094,"P","P",0,"O"
67,1,"De","NA","NNP","NNP","NNP","NA",0,2366,"P","P",0,"O"
67,2,"Niro","NA","NA","NNP","NNP","NNP",1,324,"P","P",0,"P"
68,0,"Marlon","NA","NNP","NNP","NA","NA",1,136,"P","O",0,"O"
68,1,"Brando","NA","NA","NNP","NNP","NA",1,298,"P","O",0,"P"
69,0,"Jack","NA","NNP","NNP","NA","NA",1,2787,"P","P",0,"O"
69,1,"Nicholson","NA","NA","NNP","NNP","NA",1,281,"P","P",0,"P"
70,0,"James","NA","NNP","NNP","NA","NA",1,3087,"P","O",0,"O"
70,1,"Stewart","NA","NA","NNP","NNP","NA",1,861,"P","O",0,"O"
71,0,"Edward","VBZ","NNP","NNP","NA","NA",1,658,"P","P",1,"O"
71,1,"Norton","DT","VBZ","NNP","NNP","NA",0,81,"P","P",1,"O"
71,2,"is","JJ","DT","VBZ","NNP","NNP",0,321694,"O","O",1,"O"
71,3,"a","NN","JJ","DT","VBZ","NNP",0,491473,"O","O",1,"O"
71,4,"brilliant","CC","NN","JJ","DT","VBZ",0,3488,"O","O",1,"O"
71,5,"actor","RB","CC","NN","JJ","DT",0,6992,"O","O",1,"O"
71,6,"and","NN","RB","CC","NN","JJ",0,494087,"O","O",1,"O"
71,7,"often","NA","NN","RB","CC","NN",0,4742,"O","O",1,"O"
71,8,"misunderstood","NA","NA","NN","RB","CC",1,172,"O","O",1,"P"
72,0,"I","VB","MD","PRP","NA","NA",1,258405,"O","O",1,"O"
72,1,"would","TO","VB","MD","PRP","NA",0,37105,"O","O",0,"O"
72,2,"pay","VB","TO","VB","MD","PRP",0,1896,"O","O",0,"O"
72,3,"to","DT","VB","TO","VB","MD",0,407216,"O","O",0,"O"
72,4,"see","NN","DT","VB","TO","VB",0,34646,"O","O",0,"O"
72,5,"any","CC","NN","DT","VB","TO",0,22616,"O","O",0,"O"
72,6,"movie","VBD","CC","NN","DT","VB",0,132192,"O","O",0,"O"
72,7,"either","CC","VBD","CC","NN","DT",0,5511,"O","O",0,"O"
72,8,"made","VBG","CC","VBD","CC","NN",0,24636,"O","O",0,"O"
72,9,"or","NNP","VBG","CC","VBD","CC",0,54227,"O","O",0,"O"
72,10,"starring","NNP","NNP","VBG","CC","VBD",0,1461,"O","O",0,"O"
72,11,"Robert","NNP","NNP","NNP","VBG","CC",0,3094,"P","O",0,"O"
72,12,"Redford","NNP","NNP","NNP","NNP","VBG",0,126,"P","O",0,"O"
72,13,"Clint","NNP","NNP","NNP","NNP","NNP",0,339,"P","O",0,"O"
72,14,"Eastwood","NNP","NNP","NNP","NNP","NNP",0,424,"P","O",0,"P"
72,15,"Mel","CC","NNP","NNP","NNP","NNP",0,358,"P","O",0,"O"
72,16,"Gibson","NNP","CC","NNP","NNP","NNP",0,251,"P","O",0,"O"
72,17,"or","NNP","NNP","CC","NNP","NNP",0,54227,"O","O",0,"O"
72,18,"Russel","NA","NNP","NNP","CC","NNP",0,66,"P","O",0,"O"
72,19,"Crowe","NA","NA","NNP","NNP","CC",1,158,"P","O",0,"P"
73,0,"Thinking","DT","IN","VBG","NA","NA",1,3532,"O","O",1,"O"
73,1,"from","NN","DT","IN","VBG","NA",0,62401,"O","O",1,"O"
73,2,"the","IN","NN","DT","IN","VBG",0,1014971,"O","O",1,"O"
73,3,"top","PRP$","IN","NN","DT","IN",0,5517,"O","O",0,"O"
73,4,"of","NN","PRP$","IN","NN","DT",0,439756,"O","O",1,"O"
73,5,"my","PRP","NN","PRP$","IN","NN",0,36415,"O","O",1,"O"
73,6,"head","MD","PRP","NN","PRP$","IN",0,4607,"O","O",1,"O"
73,7,"I","VB","MD","PRP","NN","PRP$",0,258405,"O","O",1,"O"
73,8,"'d","IN","VB","MD","PRP","NN",0,10109,"O","O",0,"O"
73,9,"go","NNP","IN","VB","MD","PRP",0,15302,"O","O",0,"O"
73,10,"for","NNP","NNP","IN","VB","MD",0,133639,"O","O",0,"O"
73,11,"Will","NA","NNP","NNP","IN","VB",0,27203,"P","P",0,"O"
73,12,"Ferrell","NA","NA","NNP","NNP","IN",1,117,"P","P",0,"P"
74,0,"I","VB","MD","PRP","NA","NA",1,258405,"O","O",0,"O"
74,1,"'ll","NN","VB","MD","PRP","NA",0,8729,"O","O",0,"O"
74,2,"see","NNP","NN","VB","MD","PRP",0,34646,"O","O",0,"O"
74,3,"anything","NNP","NNP","NN","VB","MD",0,8615,"O","O",0,"O"
74,4,"Alfred","NNS","NNP","NNP","NN","VB",0,316,"P","O",0,"O"
74,5,"Hitchcock","IN","NNS","NNP","NNP","NN",0,986,"P","O",0,"P"
74,6,"acts","NA","IN","NNS","NNP","NNP",0,1203,"O","O",0,"O"
74,7,"in","NA","NA","IN","NNS","NNP",1,282877,"O","O",0,"O"
75,0,"Maybe","VBZ","PRP","RB","NA","NA",1,7156,"O","O",0,"O"
75,1,"it","CC","VBZ","PRP","RB","NA",0,287854,"O","O",0,"O"
75,2,"is","NNP","CC","VBZ","PRP","RB",0,321694,"O","O",0,"O"
75,3,"but","NNP","NNP","CC","VBZ","PRP",0,126937,"O","O",0,"O"
75,4,"James","VBZ","NNP","NNP","CC","VBZ",0,3087,"P","P",1,"O"
75,5,"Stewart","RB","VBZ","NNP","NNP","CC",0,861,"P","P",1,"O"
75,6,"is","JJ","RB","VBZ","NNP","NNP",0,321694,"O","O",1,"O"
75,7,"too","IN","JJ","RB","VBZ","NNP",0,23496,"O","O",1,"O"
75,8,"good","PRP","IN","JJ","RB","VBZ",0,44866,"O","O",0,"O"
75,9,"for","TO","PRP","IN","JJ","RB",0,133639,"O","O",1,"O"
75,10,"me","VB","TO","PRP","IN","JJ",0,31848,"O","O",1,"O"
75,11,"to","DT","VB","TO","PRP","IN",0,407216,"O","O",1,"O"
75,12,"give","NN","DT","VB","TO","PRP",0,10217,"O","O",1,"O"
75,13,"a","NA","NN","DT","VB","TO",0,491473,"O","O",1,"O"
75,14,"damn","NA","NA","NN","DT","VB",1,1041,"O","O",1,"O"
76,0,"I","VBP","MD","PRP","NA","NA",1,258405,"O","O",1,"O"
76,1,"would","VBD","VBP","MD","PRP","NA",0,37105,"O","O",0,"O"
76,2,"'ve","NNP","VBD","VBP","MD","PRP",0,15254,"O","O",0,"O"
76,3,"said","NNP","NNP","VBD","VBP","MD",0,6633,"O","O",0,"O"
76,4,"James","CC","NNP","NNP","VBD","VBP",0,3087,"P","O",0,"O"
76,5,"Stewart","PRP","CC","NNP","NNP","VBD",0,861,"P","O",0,"O"
76,6,"but","VBD","PRP","CC","NNP","NNP",0,126937,"O","O",0,"O"
76,7,"I","DT","VBD","PRP","CC","NNP",0,258405,"O","O",0,"O"
76,8,"thought","VBD","DT","VBD","PRP","CC",0,10396,"O","O",0,"O"
76,9,"this","RB","VBD","DT","VBD","PRP",0,226658,"O","O",0,"O"
76,10,"was","IN","RB","VBD","DT","VBD",0,144148,"O","O",0,"O"
76,11,"only","NNS","IN","RB","VBD","DT",0,35361,"O","O",0,"O"
76,12,"for","WDT","NNS","IN","RB","VBD",0,133639,"O","O",0,"O"
76,13,"actors","VBD","WDT","NNS","IN","RB",0,13266,"O","O",0,"O"
76,14,"that","JJ","VBD","WDT","NNS","IN",0,218899,"O","O",0,"O"
76,15,"were","NA","JJ","VBD","WDT","NNS",0,32221,"O","O",0,"O"
76,16,"alive","NA","NA","JJ","VBD","WDT",1,1437,"O","O",0,"O"
77,0,"Brad","MD","NNP","NNP","NA","NA",1,482,"P","P",0,"O"
77,1,"Pitt","RB","MD","NNP","NNP","NA",0,474,"P","P",0,"P"
77,2,"ca","VB","RB","MD","NNP","NNP",0,90,"O","O",0,"O"
77,3,"n't","RP","VB","RB","MD","NNP",0,115,"O","O",0,"O"
77,4,"pull","DT","RP","VB","RB","MD",0,1111,"O","O",0,"O"
77,5,"off","JJ","DT","RP","VB","RB",0,18493,"O","O",0,"O"
77,6,"an","NN","JJ","DT","RP","VB",0,65086,"O","O",1,"O"
77,7,"Irish","WDT","NN","JJ","DT","RP",0,544,"O","O",1,"O"
77,8,"accent","VBD","WDT","NN","JJ","DT",0,1402,"O","O",1,"O"
77,9,"which","DT","VBD","WDT","NN","JJ",0,35835,"O","O",1,"O"
77,10,"ruined","JJ","DT","VBD","WDT","NN",0,635,"O","O",0,"O"
77,11,"the","NN","JJ","DT","VBD","WDT",0,1014971,"O","O",1,"O"
77,12,"entire","IN","NN","JJ","DT","VBD",0,4316,"O","O",1,"O"
77,13,"movie","PRP","IN","NN","JJ","DT",0,132192,"O","O",1,"O"
77,14,"for","NA","PRP","IN","NN","JJ",0,133639,"O","O",1,"O"
77,15,"me","NA","NA","PRP","IN","NN",1,31848,"O","O",0,"O"
78,0,"I","TO","VBD","PRP","NA","NA",1,258405,"O","O",0,"O"
78,1,"used","VB","TO","VBD","PRP","NA",0,5973,"O","O",0,"O"
78,2,"to","NN","VB","TO","VBD","PRP",0,407216,"O","O",0,"O"
78,3,"buy","IN","NN","VB","TO","VBD",0,2276,"O","O",0,"O"
78,4,"everything","NNP","IN","NN","VB","TO",0,6994,"O","O",0,"O"
78,5,"with","NNP","NNP","IN","NN","VB",0,133897,"O","O",0,"O"
78,6,"Adam","CC","NNP","NNP","IN","NN",0,985,"P","O",0,"O"
78,7,"Sandler","PRP","CC","NNP","NNP","IN",0,590,"P","O",0,"P"
78,8,"but","RB","PRP","CC","NNP","NNP",0,126937,"O","O",0,"O"
78,9,"I","MD","RB","PRP","CC","NNP",0,258405,"O","O",0,"O"
78,10,"really","RB","MD","RB","PRP","CC",0,34922,"O","O",0,"O"
78,11,"ca","VB","RB","MD","RB","PRP",0,90,"O","O",1,"O"
78,12,"n't","DT","VB","RB","MD","RB",0,115,"O","O",1,"O"
78,13,"enjoy","NN","DT","VB","RB","MD",0,5289,"O","O",1,"O"
78,14,"the","TO","NN","DT","VB","RB",0,1014971,"O","O",1,"O"
78,15,"humor","DT","TO","NN","DT","VB",0,4233,"O","O",0,"O"
78,16,"to","JJ","DT","TO","NN","DT",0,407216,"O","O",1,"O"
78,17,"the","NN","JJ","DT","TO","NN",0,1014971,"O","O",1,"O"
78,18,"same","IN","NN","JJ","DT","TO",0,12381,"O","O",1,"O"
78,19,"degree","PRP","IN","NN","JJ","DT",0,588,"O","O",1,"O"
78,20,"as","MD","PRP","IN","NN","JJ",0,139962,"O","O",0,"O"
78,21,"I","VB","MD","PRP","IN","NN",0,258405,"O","O",0,"O"
78,22,"could","NA","VB","MD","PRP","IN",0,23935,"O","O",0,"O"
78,23,"before","NA","NA","VB","MD","PRP",1,12756,"O","O",0,"O"
79,0,"I","RB","VBP","PRP","NA","NA",1,258405,"O","O",0,"O"
79,1,"'m","VBG","RB","VBP","PRP","NA",0,15216,"O","O",0,"O"
79,2,"just","TO","VBG","RB","VBP","PRP",0,53579,"O","O",0,"O"
79,3,"going","VB","TO","VBG","RB","VBP",0,12767,"O","O",0,"O"
79,4,"to","NNP","VB","TO","VBG","RB",0,407216,"O","O",0,"O"
79,5,"say","NNP","NNP","VB","TO","VBG",0,15684,"O","O",0,"O"
79,6,"Daniel","IN","NNP","NNP","VB","TO",0,662,"P","P",0,"O"
79,7,"Auteuil","PRP","IN","NNP","NNP","VB",0,41,"P","P",0,"P"
79,8,"because","VBZ","PRP","IN","NNP","NNP",0,26920,"O","O",0,"O"
79,9,"he","PRP$","VBZ","PRP","IN","NNP",0,90071,"O","O",0,"O"
79,10,"'s","NN","PRP$","VBZ","PRP","IN",0,197995,"O","O",0,"O"
79,11,"my","NA","NN","PRP$","VBZ","PRP",0,36415,"O","O",0,"O"
79,12,"favourite","NA","NA","NN","PRP$","VBZ",1,991,"O","O",0,"P"
80,0,"I","VBP","RB","PRP","NA","NA",1,258405,"O","O",1,"O"
80,1,"much","IN","VBP","RB","PRP","NA",0,29158,"O","O",1,"O"
80,2,"prefer","TO","IN","VBP","RB","PRP",0,545,"O","O",0,"O"
80,3,"that","DT","TO","IN","VBP","RB",0,218899,"O","O",1,"O"
80,4,"to","JJ","DT","TO","IN","VBP",0,407216,"O","O",1,"O"
80,5,"the","JJ","JJ","DT","TO","IN",0,1014971,"O","O",1,"O"
80,6,"exact","NNS","JJ","JJ","DT","TO",0,608,"O","O",1,"O"
80,7,"same","VBG","NNS","JJ","JJ","DT",0,12381,"O","O",0,"O"
80,8,"threads","VBN","VBG","NNS","JJ","JJ",0,138,"O","O",0,"O"
80,9,"being","DT","VBN","VBG","NNS","JJ",0,20276,"O","O",0,"O"
80,10,"made","NN","DT","VBN","VBG","NNS",0,24636,"O","O",0,"O"
80,11,"every","NA","NN","DT","VBN","VBG",0,12083,"O","O",0,"O"
80,12,"week","NA","NA","NN","DT","VBN",1,1321,"O","O",0,"O"
81,0,"Tom","MD","NNP","NNP","NA","NA",1,2373,"P","P",1,"O"
81,1,"Hardy","VB","MD","NNP","NNP","NA",0,426,"P","P",1,"O"
81,2,"may","VBG","VB","MD","NNP","NNP",0,9929,"O","O",1,"O"
81,3,"be","IN","VBG","VB","MD","NNP",0,81558,"O","O",1,"O"
81,4,"sneaking","DT","IN","VBG","VB","MD",0,72,"O","O",0,"O"
81,5,"onto","NN","DT","IN","VBG","VB",0,990,"O","O",1,"O"
81,6,"the","IN","NN","DT","IN","VBG",0,1014971,"O","O",1,"O"
81,7,"list","RB","IN","NN","DT","IN",0,1797,"O","O",1,"O"
81,8,"as","NA","RB","IN","NN","DT",0,139962,"O","O",1,"O"
81,9,"well","NA","NA","RB","IN","NN",1,32015,"O","O",1,"O"
82,0,"For","NN","DT","IN","NA","NA",1,133639,"O","O",1,"O"
82,1,"some","PRP","NN","DT","IN","NA",0,47817,"O","O",0,"O"
82,2,"reason","VBZ","PRP","NN","DT","IN",0,6781,"O","O",0,"O"
82,3,"it","NNP","VBZ","PRP","NN","DT",0,287854,"O","O",0,"O"
82,4,"'s","NNP","NNP","VBZ","PRP","NN",0,197995,"O","O",0,"O"
82,5,"Nicolas","IN","NNP","NNP","VBZ","PRP",0,118,"P","O",0,"O"
82,6,"Cage","PRP","IN","NNP","NNP","VBZ",0,558,"P","O",0,"O"
82,7,"although","VBZ","PRP","IN","NNP","NNP",0,7419,"O","O",0,"O"
82,8,"he","RB","VBZ","PRP","IN","NNP",0,90071,"O","O",0,"O"
82,9,"'s","PRP$","RB","VBZ","PRP","IN",0,197995,"O","O",0,"O"
82,10,"not","JJ","PRP$","RB","VBZ","PRP",0,90831,"O","O",0,"O"
82,11,"my","NA","JJ","PRP$","RB","VBZ",0,36415,"O","O",0,"O"
82,12,"favorite","NA","NA","JJ","PRP$","RB",1,3597,"O","O",0,"O"
83,0,"I","NNP","VBP","PRP","NA","NA",1,258405,"O","O",0,"O"
83,1,"think","NNP","NNP","VBP","PRP","NA",0,21294,"O","O",0,"O"
83,2,"Sam","CC","NNP","NNP","VBP","PRP",0,1657,"P","P",0,"O"
83,3,"Rockwell","NNP","CC","NNP","NNP","VBP",0,41,"P","P",1,"O"
83,4,"and","NNP","NNP","CC","NNP","NNP",0,494087,"O","O",1,"O"
83,5,"Luke","NN","NNP","NNP","CC","NNP",0,472,"P","P",1,"O"
83,6,"Wilson","IN","NN","NNP","NNP","CC",0,624,"P","P",1,"O"
83,7,"fall","DT","IN","NN","NNP","NNP",0,2360,"O","O",0,"O"
83,8,"in","NN","DT","IN","NN","NNP",0,282877,"O","O",1,"O"
83,9,"that","RB","NN","DT","IN","NN",0,218899,"O","O",1,"O"
83,10,"category","NA","RB","NN","DT","IN",0,572,"O","O",1,"O"
83,11,"too","NA","NA","RB","NN","DT",1,23496,"O","O",1,"O"
84,0,"It","DT","VBZ","PRP","NA","NA",1,287854,"O","O",1,"O"
84,1,"'s","JJ","DT","VBZ","PRP","NA",0,197995,"O","O",1,"O"
84,2,"a","NN","JJ","DT","VBZ","PRP",0,491473,"O","O",1,"O"
84,3,"great","IN","NN","JJ","DT","VBZ",0,27441,"O","O",0,"O"
84,4,"show","PRP","IN","NN","JJ","DT",0,18084,"O","O",1,"O"
84,5,"If","MD","PRP","IN","NN","JJ",0,50475,"O","O",1,"O"
84,6,"I","VB","MD","PRP","IN","NN",0,258405,"O","O",1,"O"
84,7,"could","PRP","VB","MD","PRP","IN",0,23935,"O","O",1,"O"
84,8,"find","IN","PRP","VB","MD","PRP",0,12457,"O","O",1,"O"
84,9,"it","JJR","IN","PRP","VB","MD",0,287854,"O","O",1,"O"
84,10,"in","NN","JJR","IN","PRP","VB",0,282877,"O","O",1,"O"
84,11,"better","NA","NN","JJR","IN","PRP",0,17522,"O","O",0,"O"
84,12,"quality","NA","NA","NN","JJR","IN",1,3842,"O","O",1,"O"
85,0,"Nice","VB","TO","NNP","NA","NA",1,5752,"O","O",1,"O"
85,1,"to","DT","VB","TO","NNP","NA",0,407216,"O","O",1,"O"
85,2,"see","NN","DT","VB","TO","NNP",0,34646,"O","O",1,"O"
85,3,"some","IN","NN","DT","VB","TO",0,47817,"O","O",1,"O"
85,4,"love","NNP","IN","NN","DT","VB",0,19459,"O","O",1,"O"
85,5,"for","NNP","NNP","IN","NN","DT",0,133639,"O","O",1,"O"
85,6,"Richard","NA","NNP","NNP","IN","NN",0,2419,"P","P",1,"O"
85,7,"Jenkins","NA","NA","NNP","NNP","IN",1,54,"P","P",1,"P"
86,0,"I","TO","VBP","PRP","NA","NA",1,258405,"O","O",0,"O"
86,1,"have","VB","TO","VBP","PRP","NA",0,83569,"O","O",0,"O"
86,2,"to","IN","VB","TO","VBP","PRP",0,407216,"O","O",0,"O"
86,3,"admit","PRP","IN","VB","TO","VBP",0,1796,"O","O",0,"O"
86,4,"that","MD","PRP","IN","VB","TO",0,218899,"O","O",0,"O"
86,5,"I","VB","MD","PRP","IN","VB",0,258405,"O","O",0,"O"
86,6,"'ll","NNP","VB","MD","PRP","IN",0,8729,"O","O",0,"O"
86,7,"watch","NNP","NNP","VB","MD","PRP",0,20734,"O","O",0,"O"
86,8,"Will","IN","NNP","NNP","VB","MD",0,27203,"P","O",0,"O"
86,9,"Ferrell","NN","IN","NNP","NNP","VB",0,117,"P","O",0,"P"
86,10,"in","NA","NN","IN","NNP","NNP",0,282877,"O","O",0,"O"
86,11,"anything","NA","NA","NN","IN","NNP",1,8615,"O","O",0,"O"
87,0,"I","VB","MD","PRP","NA","NA",1,258405,"O","O",0,"O"
87,1,"must","NNP","VB","MD","PRP","NA",0,9963,"O","O",0,"O"
87,2,"mention","NNP","NNP","VB","MD","PRP",0,2435,"O","O",0,"O"
87,3,"Michael","NA","NNP","NNP","VB","MD",0,3637,"P","P",0,"O"
87,4,"Shannon","NA","NA","NNP","NNP","VB",1,152,"P","P",0,"O"
88,0,"I","VB","MD","PRP","NA","NA",1,258405,"O","O",0,"O"
88,1,"would","VB","VB","MD","PRP","NA",0,37105,"O","O",0,"O"
88,2,"go","NNP","VB","VB","MD","PRP",0,15302,"O","O",0,"O"
88,3,"see","NNP","NNP","VB","VB","MD",0,34646,"O","O",0,"O"
88,4,"Colin","IN","NNP","NNP","VB","VB",0,283,"P","O",0,"O"
88,5,"Morgan","RB","IN","NNP","NNP","VB",0,584,"P","O",0,"O"
88,6,"in","NN","RB","IN","NNP","NNP",0,282877,"O","O",0,"O"
88,7,"almost","NA","NN","RB","IN","NNP",0,9315,"O","O",0,"O"
88,8,"everything","NA","NA","NN","RB","IN",1,6994,"O","O",0,"O"
89,0,"He","VBD","VBZ","PRP","NA","NA",1,90071,"O","O",1,"O"
89,1,"'s","DT","VBD","VBZ","PRP","NA",0,197995,"O","O",1,"O"
89,2,"got","JJ","DT","VBD","VBZ","PRP",0,10507,"O","O",1,"O"
89,3,"a","NN","JJ","DT","VBD","VBZ",0,491473,"O","O",1,"O"
89,4,"good","NNP","NN","JJ","DT","VBD",0,44866,"O","O",0,"O"
89,5,"face","NNP","NNP","NN","JJ","DT",0,4982,"O","O",1,"O"
89,6,"Larry","NA","NNP","NNP","NN","JJ",0,500,"P","P",1,"O"
89,7,"Gates","NA","NA","NNP","NNP","NN",1,187,"P","P",1,"O"
90,0,"Kristy","VBZ","NNP","NNP","NA","NA",1,40,"P","O",0,"O"
90,1,"Swanson","RB","VBZ","NNP","NNP","NA",0,147,"P","O",0,"P"
90,2,"has","VBN","RB","VBZ","NNP","NNP",0,50800,"O","O",0,"O"
90,3,"always","JJ","VBN","RB","VBZ","NNP",0,9518,"O","O",0,"O"
90,4,"had","JJ","JJ","VBN","RB","VBZ",0,33083,"O","O",0,"O"
90,5,"large","NNS","JJ","JJ","VBN","RB",0,1687,"O","O",0,"O"
90,6,"um","NA","NNS","JJ","JJ","VBN",0,162,"O","O",0,"O"
90,7,"assets","NA","NA","NNS","JJ","JJ",1,75,"O","O",0,"O"
91,0,"Phoebe","VBZ","NNP","NNP","NA","NA",1,42,"P","P",1,"O"
91,1,"Cates","DT","VBZ","NNP","NNP","NA",0,48,"P","P",1,"O"
91,2,"is","JJS","DT","VBZ","NNP","NNP",0,321694,"O","O",1,"O"
91,3,"the","RB","JJS","DT","VBZ","NNP",0,1014971,"O","O",1,"O"
91,4,"hottest","RB","RB","JJS","DT","VBZ",0,75,"O","O",0,"O"
91,5,"so","IN","RB","RB","JJS","DT",0,62020,"O","O",1,"O"
91,6,"far","JJ","IN","RB","RB","JJS",0,8904,"O","O",1,"O"
91,7,"for","NA","JJ","IN","RB","RB",0,133639,"O","O",1,"O"
91,8,"sure","NA","NA","JJ","IN","RB",1,7924,"O","O",1,"O"
92,0,"Ashley","VBD","NNP","NNP","NA","NA",1,202,"P","O",0,"O"
92,1,"Judd","RB","VBD","NNP","NNP","NA",0,130,"P","O",0,"O"
92,2,"was","IN","RB","VBD","NNP","NNP",0,144148,"O","O",0,"O"
92,3,"quite","NN","IN","RB","VBD","NNP",0,11113,"O","O",0,"O"
92,4,"in","RB","NN","IN","RB","VBD",0,282877,"O","O",0,"O"
92,5,"demand","IN","RB","NN","IN","RB",0,277,"O","O",0,"O"
92,6,"back","DT","IN","RB","NN","IN",0,14922,"O","O",0,"O"
92,7,"in","CD","DT","IN","RB","NN",0,282877,"O","O",0,"O"
92,8,"the","NA","CD","DT","IN","RB",0,1014971,"O","O",0,"O"
92,9,"90s","NA","NA","CD","DT","IN",1,0,"O","O",0,"O"
93,0,"One","PRP$","IN","CD","NA","NA",1,81320,"O","O",0,"O"
93,1,"of","JJ","PRP$","IN","CD","NA",0,439756,"O","O",0,"O"
93,2,"my","NNP","JJ","PRP$","IN","CD",0,36415,"O","O",0,"O"
93,3,"favorite","NNP","NNP","JJ","PRP$","IN",0,3597,"O","O",0,"O"
93,4,"Hugh","NN","NNP","NNP","JJ","PRP$",0,303,"P","P",0,"O"
93,5,"Jackman","NNS","NN","NNP","NNP","JJ",0,75,"P","P",0,"P"
93,6,"romance","PRP","NNS","NN","NNP","NNP",0,2084,"O","O",0,"O"
93,7,"movies","VBD","PRP","NNS","NN","NNP",0,23125,"O","O",0,"O"
93,8,"she","IN","VBD","PRP","NNS","NN",0,41775,"O","O",0,"O"
93,9,"was","NA","IN","VBD","PRP","NNS",0,144148,"O","O",0,"O"
93,10,"in","NA","NA","IN","VBD","PRP",1,282877,"O","O",0,"O"
94,0,"I","PRP","VBD","PRP","NA","NA",1,258405,"O","O",1,"O"
94,1,"thought","VBD","PRP","VBD","PRP","NA",0,10396,"O","O",1,"O"
94,2,"they","DT","VBD","PRP","VBD","PRP",0,69941,"O","O",1,"O"
94,3,"missed","NN","DT","VBD","PRP","VBD",0,1517,"O","O",0,"O"
94,4,"the","RB","NN","DT","VBD","PRP",0,1014971,"O","O",1,"O"
94,5,"boat","VBG","RB","NN","DT","VBD",0,832,"O","O",1,"O"
94,6,"not","NNP","VBG","RB","NN","DT",0,90831,"O","O",1,"O"
94,7,"casting","NNP","NNP","VBG","RB","NN",0,1694,"O","O",1,"O"
94,8,"Pierce","CC","NNP","NNP","VBG","RB",0,216,"P","O",0,"O"
94,9,"Brosnan","NNP","CC","NNP","NNP","VBG",0,222,"P","O",0,"P"
94,10,"or","NNP","NNP","CC","NNP","NNP",0,54227,"O","O",0,"O"
94,11,"Hugh","NA","NNP","NNP","CC","NNP",0,303,"P","O",0,"O"
94,12,"Jackman","NA","NA","NNP","NNP","CC",1,75,"P","O",0,"P"
95,0,"Teri","VBD","NNP","NNP","NA","NA",1,86,"P","P",1,"O"
95,1,"Hatcher","JJ","VBD","NNP","NNP","NA",0,44,"P","P",1,"O"
95,2,"was","RB","JJ","VBD","NNP","NNP",0,144148,"O","O",1,"O"
95,3,"nice","IN","RB","JJ","VBD","NNP",0,5752,"O","O",0,"O"
95,4,"back","DT","IN","RB","JJ","VBD",0,14922,"O","O",1,"O"
95,5,"in","NN","DT","IN","RB","JJ",0,282877,"O","O",1,"O"
95,6,"the","NA","NN","DT","IN","RB",0,1014971,"O","O",1,"O"
95,7,"day","NA","NA","NN","DT","IN",1,8083,"O","O",1,"O"
96,0,"They","VB","MD","PRP","NA","NA",1,69941,"O","O",0,"O"
96,1,"should","VBN","VB","MD","PRP","NA",0,15086,"O","O",0,"O"
96,2,"have","NNP","VBN","VB","MD","PRP",0,83569,"O","O",0,"O"
96,3,"got","NNP","NNP","VBN","VB","MD",0,10507,"O","O",0,"O"
96,4,"Monica","IN","NNP","NNP","VBN","VB",0,148,"P","O",0,"O"
96,5,"Bellucci","NNP","IN","NNP","NNP","VBN",0,0,"P","O",0,"P"
96,6,"for","NNP","NNP","IN","NNP","NNP",0,133639,"O","O",0,"O"
96,7,"Tomorrow","VBZ","NNP","NNP","IN","NNP",0,298,"O","O",0,"O"
96,8,"Never","NA","VBZ","NNP","NNP","IN",0,19539,"O","O",0,"O"
96,9,"Dies","NA","NA","VBZ","NNP","NNP",1,1158,"O","O",0,"O"
97,0,"Rose","POS","NNP","NNP","NA","NA",1,819,"P","P",1,"O"
97,1,"Byrne","DT","POS","NNP","NNP","NA",0,82,"P","P",1,"P"
97,2,"'s","JJ","DT","POS","NNP","NNP",0,197995,"O","O",1,"O"
97,3,"a","NN","JJ","DT","POS","NNP",0,491473,"O","O",1,"O"
97,4,"great","NA","NN","JJ","DT","POS",0,27441,"O","O",0,"O"
97,5,"choice","NA","NA","NN","JJ","DT",1,1639,"O","O",1,"O"
98,0,"I","VBP","RB","PRP","NA","NA",1,258405,"O","O",0,"O"
98,1,"only","IN","VBP","RB","PRP","NA",0,35361,"O","O",0,"O"
98,2,"know","DT","IN","VBP","RB","PRP",0,18457,"O","O",0,"O"
98,3,"of","NNP","DT","IN","VBP","RB",0,439756,"O","O",0,"O"
98,4,"The","NNP","NNP","DT","IN","VBP",0,1014971,"O","O",0,"O"
98,5,"Gilmore","IN","NNP","NNP","DT","IN",0,84,"O","O",0,"P"
98,6,"Girls","IN","IN","NNP","NNP","DT",0,3525,"O","O",0,"O"
98,7,"because","NNP","IN","IN","NNP","NNP",0,26920,"O","O",0,"O"
98,8,"of","NNP","NNP","IN","IN","NNP",0,439756,"O","O",0,"O"
98,9,"Lauren","NA","NNP","NNP","IN","IN",0,190,"P","O",0,"O"
98,10,"Graham","NA","NA","NNP","NNP","IN",1,311,"P","O",0,"O"
99,0,"Now","NNP","NNP","RB","NA","NA",1,13946,"O","O",0,"O"
99,1,"Heather","VBZ","NNP","NNP","RB","NA",0,182,"P","P",1,"O"
99,2,"Graham","RB","VBZ","NNP","NNP","RB",0,311,"P","P",1,"O"
99,3,"is","JJ","RB","VBZ","NNP","NNP",0,321694,"O","O",1,"O"
99,4,"as","IN","JJ","RB","VBZ","NNP",0,139962,"O","O",1,"O"
99,5,"hot","NN","IN","JJ","RB","VBZ",0,2047,"O","O",1,"O"
99,6,"as","NA","NN","IN","JJ","RB",0,139962,"O","O",1,"O"
99,7,"hell","NA","NA","NN","IN","JJ",1,3250,"O","O",1,"O"
100,0,"I","NNP","VBP","PRP","NA","NA",1,258405,"O","O",1,"O"
100,1,"think","NNP","NNP","VBP","PRP","NA",0,21294,"O","O",0,"O"
100,2,"Ray","MD","NNP","NNP","VBP","PRP",0,1055,"P","O",0,"O"
100,3,"Liotta","VB","MD","NNP","NNP","VBP",0,121,"P","O",0,"P"
100,4,"should","JJR","VB","MD","NNP","NNP",0,15086,"O","O",0,"O"
100,5,"be","DT","JJR","VB","MD","NNP",0,81558,"O","O",0,"O"
100,6,"higher","JJR","DT","JJR","VB","MD",0,811,"O","O",0,"O"
100,7,"the","PRP","JJR","DT","JJR","VB",0,1014971,"O","O",0,"O"
100,8,"more","VBP","PRP","JJR","DT","JJR",0,42659,"O","O",0,"O"
100,9,"I","IN","VBP","PRP","JJR","DT",0,258405,"O","O",0,"O"
100,10,"look","PRP$","IN","VBP","PRP","JJR",0,12565,"O","O",0,"O"
100,11,"at","DT","PRP$","IN","VBP","PRP",0,70059,"O","O",0,"O"
100,12,"her","RBR","DT","PRP$","IN","VBP",0,54592,"O","O",0,"O"
100,13,"the","PRP","RBR","DT","PRP$","IN",0,1014971,"O","O",0,"O"
100,14,"more","VBP","PRP","RBR","DT","PRP$",0,42659,"O","O",1,"O"
100,15,"I","WRB","VBP","PRP","RBR","DT",0,258405,"O","O",1,"O"
100,16,"see","JJ","WRB","VBP","PRP","RBR",0,34646,"O","O",1,"O"
100,17,"how","PRP","JJ","WRB","VBP","PRP",0,26547,"O","O",1,"O"
100,18,"hot","VBZ","PRP","JJ","WRB","VBP",0,2047,"O","O",0,"O"
100,19,"she","NA","VBZ","PRP","JJ","WRB",0,41775,"O","O",1,"O"
100,20,"is","NA","NA","VBZ","PRP","JJ",1,321694,"O","O",1,"O"
