"s_id","w_id","word","naivetag","stanfordtag","modeltag","groundtruth"
1,0,"By","O","O","O","O"
1,1,"looking","O","O","O","O"
1,2,"at","O","O","O","O"
1,3,"your","O","O","O","O"
1,4,"list","O","O","O","O"
1,5,"I","O","O","O","O"
1,6,"really","O","O","O","O"
1,7,"think","O","O","O","O"
1,8,"Michelle","O","P","P","P"
1,9,"Pfeiffer","P","P","P","P"
1,10,"is","O","O","O","O"
1,11,"amazingly","O","O","O","O"
1,12,"sexy","O","O","O","O"
2,0,"Kate","O","O","P","P"
2,1,"Hudson","O","O","P","P"
2,2,"is","O","O","O","O"
2,3,"nice","O","O","O","O"
3,0,"Ca","O","O","O","O"
3,1,"n't","O","O","O","O"
3,2,"think","O","O","O","O"
3,3,"of","O","O","O","O"
3,4,"anyone","O","O","O","O"
3,5,"else","O","O","O","O"
3,6,"right","O","O","O","O"
3,7,"now","O","O","O","O"
4,0,"I","O","O","O","O"
4,1,"'d","O","O","O","O"
4,2,"have","O","O","O","O"
4,3,"to","O","O","O","O"
4,4,"say","O","O","O","O"
4,5,"my","O","O","O","O"
4,6,"celebrity","O","O","O","O"
4,7,"hottie","P","O","O","O"
4,8,"is","O","O","O","O"
4,9,"Dennis","O","O","P","P"
4,10,"Miller","O","O","P","P"
5,0,"And","O","O","O","O"
5,1,"were","O","O","O","O"
5,2,"I","O","O","O","O"
5,3,"to","O","O","O","O"
5,4,"swing","O","O","O","O"
5,5,"for","O","O","O","O"
5,6,"the","O","O","O","O"
5,7,"other","O","O","O","O"
5,8,"team","O","O","O","O"
5,9,"I","O","O","O","O"
5,10,"think","O","O","O","O"
5,11,"Ben","O","P","P","P"
5,12,"Affleck","P","P","P","P"
5,13,"'s","O","O","O","O"
5,14,"a","O","O","O","O"
5,15,"damn","O","O","O","O"
5,16,"fine","O","O","O","O"
5,17,"looking","O","O","O","O"
5,18,"man","O","O","O","O"
6,0,"I","O","O","O","O"
6,1,"like","O","O","O","O"
6,2,"Kirstin","O","O","P","P"
6,3,"Dunst","P","O","P","P"
6,4,"but","O","O","O","O"
6,5,"I","O","O","O","O"
6,6,"would","O","O","O","O"
6,7,"n't","O","O","O","O"
6,8,"label","O","O","O","O"
6,9,"her","O","O","O","O"
6,10,"as","O","O","O","O"
6,11,"sexy","O","O","O","O"
7,0,"Sophia","O","P","P","P"
7,1,"Loren","O","P","P","P"
7,2,"is","O","O","O","O"
7,3,"The","O","O","O","O"
7,4,"sexiest","O","O","O","O"
7,5,"woman","O","O","O","O"
7,6,"of","O","O","O","O"
7,7,"all","O","O","O","O"
7,8,"time","O","O","O","O"
7,9,"in","O","O","O","O"
7,10,"my","O","O","O","O"
7,11,"opinion","O","O","O","O"
8,0,"Monica","O","O","P","P"
8,1,"Bellucci","P","O","P","P"
8,2,"is","O","O","O","O"
8,3,"the","O","O","O","O"
8,4,"hottest","O","O","O","O"
8,5,"hooker","O","O","O","O"
8,6,"in","O","O","O","O"
8,7,"Brotherhood","O","O","P","O"
8,8,"of","O","O","O","O"
8,9,"the","O","O","O","O"
8,10,"Wolf","O","O","P","P"
9,0,"I","O","O","O","O"
9,1,"really","O","O","O","O"
9,2,"do","O","O","O","O"
9,3,"n't","O","O","O","O"
9,4,"like","O","O","O","O"
9,5,"Catherine","O","P","P","P"
9,6,"Zeta","O","P","P","P"
9,7,"Jones","P","P","P","P"
9,8,"anymore","O","O","O","O"
10,0,"Sarah","O","O","P","P"
10,1,"Michelle","O","O","P","P"
10,2,"Gellar","P","O","P","P"
10,3,"really","O","O","O","O"
10,4,"gets","O","O","O","O"
10,5,"my","O","O","O","O"
10,6,"fire","O","O","O","O"
10,7,"going","O","O","O","O"
11,0,"Angelina","O","P","P","P"
11,1,"Jolie","O","P","P","P"
11,2,"has","O","O","O","O"
11,3,"a","O","O","O","O"
11,4,"great","O","O","O","O"
11,5,"body","O","O","O","O"
11,6,"and","O","O","O","O"
11,7,"various","O","O","O","O"
11,8,"tatoos","P","O","O","O"
11,9,"but","O","O","O","O"
11,10,"she","O","O","O","O"
11,11,"adopted","O","O","O","O"
11,12,"a","O","O","O","O"
11,13,"baby","O","O","O","O"
11,14,"from","O","O","O","O"
11,15,"a","O","O","O","O"
11,16,"country","O","O","O","O"
11,17,"that","O","O","O","O"
11,18,"is","O","O","O","O"
11,19,"n't","O","O","O","O"
11,20,"so","O","O","O","O"
11,21,"lucky","O","O","O","O"
11,22,"as","O","O","O","O"
11,23,"ours","O","O","O","O"
12,0,"Harrison","O","O","P","P"
12,1,"Ford","O","O","P","P"
12,2,"especially","O","O","O","O"
12,3,"in","O","O","O","O"
12,4,"Witness","O","O","P","O"
13,0,"I","O","O","O","O"
13,1,"think","O","O","O","O"
13,2,"that","O","O","O","O"
13,3,"Emma","O","P","P","P"
13,4,"Watson","P","P","P","P"
13,5,"is","O","O","O","O"
13,6,"really","O","O","O","O"
13,7,"hot","O","O","O","O"
14,0,"I","O","O","O","O"
14,1,"still","O","O","O","O"
14,2,"like","O","O","O","O"
14,3,"my","O","O","O","O"
14,4,"pick","O","O","O","O"
14,5,"the","O","O","O","O"
14,6,"most","O","O","O","O"
14,7,"Emma","O","O","P","P"
14,8,"Watson","P","O","P","P"
15,0,"I","O","O","O","O"
15,1,"have","O","O","O","O"
15,2,"to","O","O","O","O"
15,3,"say","O","O","O","O"
15,4,"Salma","P","P","P","P"
15,5,"Hayek","P","P","P","P"
15,6,"to","O","O","O","O"
15,7,"me","O","O","O","O"
15,8,"is","O","O","O","O"
15,9,"the","O","O","O","O"
15,10,"closest","O","O","O","O"
15,11,"thing","O","O","O","O"
15,12,"to","O","O","O","O"
15,13,"perfection","O","O","O","O"
15,14,"in","O","O","O","O"
15,15,"this","O","O","O","O"
15,16,"world","O","O","O","O"
16,0,"My","O","O","O","O"
16,1,"favorite","O","O","O","O"
16,2,"actress","O","O","O","O"
16,3,"is","O","O","O","O"
16,4,"Kate","O","P","P","P"
16,5,"Hudson","O","P","P","P"
17,0,"Michael","O","P","P","P"
17,1,"Pitt","P","P","P","P"
17,2,"is","O","O","O","O"
17,3,"absolutely","O","O","O","O"
17,4,"gorgeous","O","O","O","O"
18,0,"Yeah","O","O","O","O"
18,1,"I","O","O","O","O"
18,2,"'d","O","O","O","O"
18,3,"have","O","O","O","O"
18,4,"to","O","O","O","O"
18,5,"agree","O","O","O","O"
19,0,"Jennifer","O","P","P","P"
19,1,"Aniston","P","P","P","P"
19,2,"is","O","O","O","O"
19,3,"a","O","O","O","O"
19,4,"nice","O","O","O","O"
19,5,"peice","P","O","O","O"
19,6,"of","O","O","O","O"
19,7,"ass","O","O","O","O"
20,0,"The","O","O","O","O"
20,1,"Green","O","O","O","O"
20,2,"Lantern","O","O","P","O"
20,3,"Corps","O","O","P","O"
20,4,"has","O","O","O","O"
20,5,"battled","O","O","O","O"
20,6,"against","O","O","O","O"
20,7,"the","O","O","O","O"
20,8,"forces","O","O","O","O"
20,9,"of","O","O","O","O"
20,10,"evil","O","O","O","O"
20,11,"and","O","O","O","O"
20,12,"chaos","O","O","O","O"
20,13,"for","O","O","O","O"
20,14,"a","O","O","O","O"
20,15,"millennium","O","O","O","O"
21,0,"Jessica","O","P","P","P"
21,1,"Biel","P","P","P","P"
21,2,"and","O","O","O","O"
21,3,"Angelina","O","P","P","P"
21,4,"Jolie","O","P","P","P"
21,5,"have","O","O","O","O"
21,6,"gorgeous","O","O","P","O"
21,7,"faces","O","O","O","O"
22,0,"Classy","O","O","P","O"
22,1,"is","O","O","O","O"
22,2,"probably","O","O","O","O"
22,3,"the","O","O","O","O"
22,4,"least","O","O","O","O"
22,5,"likely","O","O","O","O"
22,6,"word","O","O","O","O"
22,7,"you","O","O","O","O"
22,8,"would","O","O","O","O"
22,9,"expect","O","O","O","O"
22,10,"hear","O","O","O","O"
22,11,"associated","O","O","O","O"
22,12,"with","O","O","O","O"
22,13,"Clara","O","O","P","P"
22,14,"Bow","O","O","P","P"
23,0,"I","O","O","O","O"
23,1,"adore","O","O","O","O"
23,2,"Shawnee","O","P","P","P"
23,3,"Smith","O","P","P","P"
23,4,"a","O","O","O","O"
23,5,"whole","O","O","O","O"
23,6,"lot","O","O","O","O"
24,0,"Josie","O","O","P","P"
24,1,"Maran","P","O","P","P"
24,2,"was","O","O","O","O"
24,3,"one","O","O","O","O"
24,4,"of","O","O","O","O"
24,5,"Dracula","P","O","P","O"
24,6,"'s","O","O","O","O"
24,7,"Brides","O","O","P","O"
24,8,"in","O","O","O","O"
24,9,"Van","O","O","P","P"
24,10,"Hesling","P","O","P","P"
25,0,"Sexiest","O","O","P","O"
25,1,"Actor","O","O","P","O"
25,2,"is","O","O","O","O"
25,3,"Brad","O","P","P","P"
25,4,"Pitt","P","P","P","P"
26,0,"Sexiest","O","O","P","O"
26,1,"actress","O","O","O","O"
26,2,"Angelina","O","O","P","P"
26,3,"Jolie","O","O","P","P"
27,0,"Sorry","O","O","P","O"
27,1,"but","O","O","O","O"
27,2,"I","O","O","O","O"
27,3,"absolutely","O","O","O","O"
27,4,"loath","O","O","O","O"
27,5,"Keira","P","P","P","P"
27,6,"Knightley","P","P","P","P"
28,0,"Angelina","O","O","P","P"
28,1,"Jolie","O","O","P","P"
28,2,"is","O","O","O","O"
28,3,"awesome","O","O","O","O"
29,0,"I","O","O","O","O"
29,1,"also","O","O","O","O"
29,2,"forget","O","O","O","O"
29,3,"to","O","O","O","O"
29,4,"mention","O","O","O","O"
29,5,"the","O","O","O","O"
29,6,"gorgeous","O","O","O","O"
29,7,"Antonio","O","P","P","P"
29,8,"Banderas","P","P","P","P"
30,0,"Some","O","O","O","O"
30,1,"day","O","O","O","O"
30,2,"I","O","O","O","O"
30,3,"would","O","O","O","O"
30,4,"love","O","O","O","O"
30,5,"to","O","O","O","O"
30,6,"ask","O","O","O","O"
30,7,"Catherine","O","O","P","P"
30,8,"Zeta","O","O","P","P"
30,9,"Jones","P","O","P","P"
30,10,"out","O","O","O","O"
31,0,"I","O","O","O","O"
31,1,"'ll","O","O","O","O"
31,2,"take","O","O","O","O"
31,3,"Hugh","O","P","P","P"
31,4,"Jackman","P","P","P","P"
31,5,"and","O","O","O","O"
31,6,"leave","O","O","O","O"
31,7,"the","O","O","O","O"
31,8,"rest","O","O","O","O"
31,9,"to","O","O","O","O"
31,10,"everyone","O","O","O","O"
31,11,"else","O","O","O","O"
32,0,"The","O","O","O","O"
32,1,"red","O","O","O","O"
32,2,"haired","O","O","O","O"
32,3,"actress","O","O","O","O"
32,4,"is","O","O","O","O"
32,5,"called","O","O","O","O"
32,6,"Lauren","O","O","P","P"
32,7,"Ambrose","O","O","P","P"
33,0,"Jennifer","O","P","P","P"
33,1,"Connelly","P","P","P","P"
33,2,"is","O","O","O","O"
33,3,"beautiful","O","O","O","O"
33,4,"in","O","O","O","O"
33,5,"that","O","O","O","O"
33,6,"remarkable","O","O","O","O"
33,7,"way","O","O","O","O"
34,0,"I","O","O","O","O"
34,1,"do","O","O","O","O"
34,2,"like","O","O","O","O"
34,3,"Jennifer","O","O","P","P"
34,4,"Connelly","P","O","P","P"
34,5,"better","O","O","O","O"
34,6,"than","O","O","O","O"
34,7,"Keira","P","O","P","P"
34,8,"Knightly","O","O","P","P"
35,0,"Well","O","O","O","O"
35,1,"if","O","O","O","O"
35,2,"I","O","O","O","O"
35,3,"had","O","O","O","O"
35,4,"to","O","O","O","O"
35,5,"stick","O","O","O","O"
35,6,"to","O","O","O","O"
35,7,"people","O","O","O","O"
35,8,"my","O","O","O","O"
35,9,"age","O","O","O","O"
35,10,"I","O","O","O","O"
35,11,"'d","O","O","O","O"
35,12,"say","O","O","O","O"
35,13,"Emma","O","P","P","P"
35,14,"Watson","P","P","P","P"
35,15,"but","O","O","O","O"
35,16,"Kate","O","P","P","P"
35,17,"Hudson","O","P","P","P"
35,18,"is","O","O","O","O"
35,19,"my","O","O","O","O"
35,20,"pick","O","O","O","O"
36,0,"Angelina","O","O","P","P"
36,1,"Jolie","O","O","P","P"
36,2,"owns","O","O","O","O"
36,3,"my","O","O","O","O"
36,4,"manhood","O","O","O","O"
37,0,"Jake","O","P","P","P"
37,1,"Gyllenhaal","P","P","P","P"
37,2,"is","O","O","O","O"
37,3,"rather","O","O","O","O"
37,4,"dreamy","O","O","O","O"
38,0,"I","O","O","O","O"
38,1,"have","O","O","O","O"
38,2,"also","O","O","O","O"
38,3,"had","O","O","O","O"
38,4,"a","O","O","O","O"
38,5,"long","O","O","O","O"
38,6,"term","O","O","O","O"
38,7,"love","O","O","O","O"
38,8,"affair","O","O","O","O"
38,9,"with","O","O","O","O"
38,10,"Jareod","P","O","P","P"
38,11,"Leto","P","O","P","P"
39,0,"I","O","O","O","O"
39,1,"bet","O","O","O","O"
39,2,"he","O","O","O","O"
39,3,"passes","O","O","O","O"
39,4,"up","O","O","O","O"
39,5,"Tobey","O","P","P","P"
39,6,"in","O","O","O","O"
39,7,"the","O","O","O","O"
39,8,"popularity","O","O","O","O"
39,9,"department","O","O","O","O"
39,10,"some","O","O","O","O"
39,11,"time","O","O","O","O"
39,12,"soon","O","O","O","O"
40,0,"I","O","O","O","O"
40,1,"'m","O","O","O","O"
40,2,"attracted","O","O","O","O"
40,3,"to","O","O","O","O"
40,4,"that","O","O","O","O"
40,5,"Monica","O","O","P","P"
40,6,"Bellucci","P","O","P","P"
40,7,"actress","O","O","O","O"
41,0,"Naomi","O","P","P","P"
41,1,"Watts","O","P","P","P"
41,2,"is","O","O","O","O"
41,3,"the","O","O","O","O"
41,4,"most","O","O","O","O"
41,5,"beautiful","O","O","O","O"
41,6,"and","O","O","O","O"
41,7,"talented","O","O","O","O"
41,8,"actress","O","O","O","O"
41,9,"in","O","O","O","O"
41,10,"hollywood","P","O","O","O"
42,0,"I","O","O","O","O"
42,1,"think","O","O","O","O"
42,2,"Naomi","O","O","P","P"
42,3,"Watts","O","O","P","P"
42,4,"is","O","O","O","O"
42,5,"beautiful","O","O","O","O"
42,6,"until","O","O","O","O"
42,7,"she","O","O","O","O"
42,8,"starts","O","O","O","O"
42,9,"talking","O","O","O","O"
43,0,"Tom","O","P","P","P"
43,1,"Hardy","O","P","P","P"
43,2,"has","O","O","O","O"
43,3,"dropped","O","O","O","O"
43,4,"out","O","O","O","O"
43,5,"of","O","O","O","O"
43,6,"Suicide","O","O","P","O"
43,7,"Squad","O","O","P","O"
43,8,"due","O","O","O","O"
43,9,"to","O","O","O","O"
43,10,"scheduling","O","O","O","O"
44,0,"Elba","P","O","P","P"
44,1,"would","O","O","O","O"
44,2,"be","O","O","O","O"
44,3,"a","O","O","O","O"
44,4,"fantastic","O","O","O","O"
44,5,"Bond","O","O","O","P"
44,6,"but","O","O","O","O"
44,7,"I","O","O","O","O"
44,8,"fear","O","O","O","O"
44,9,"it","O","O","O","O"
44,10,"'s","O","O","O","O"
44,11,"too","O","O","O","O"
44,12,"late","O","O","O","O"
44,13,"in","O","O","O","O"
44,14,"the","O","O","O","O"
44,15,"game","O","O","O","O"
45,0,"Jake","O","P","P","P"
45,1,"Gyllenhaal","P","P","P","P"
45,2,"is","O","O","O","O"
45,3,"rumored","O","O","O","O"
45,4,"to","O","O","O","O"
45,5,"replace","O","O","O","O"
46,0,"The","O","O","O","O"
46,1,"most","O","O","O","O"
46,2,"obvious","O","O","O","O"
46,3,"choice","O","O","O","O"
46,4,"for","O","O","O","O"
46,5,"me","O","O","O","O"
46,6,"is","O","O","O","O"
46,7,"Sean","O","O","O","P"
46,8,"Penn","O","O","P","P"
47,0,"John","O","P","P","P"
47,1,"Turturro","P","P","P","P"
47,2,"was","O","O","O","O"
47,3,"a","O","O","O","O"
47,4,"great","O","O","O","O"
47,5,"choice","O","O","O","O"
48,0,"Dustin","O","P","P","P"
48,1,"Hoffman","P","P","P","P"
48,2,"is","O","O","O","O"
48,3,"another","O","O","O","O"
48,4,"actor","O","O","O","O"
48,5,"I","O","O","O","O"
48,6,"'m","O","O","O","O"
48,7,"always","O","O","O","O"
48,8,"willing","O","O","O","O"
48,9,"to","O","O","O","O"
48,10,"take","O","O","O","O"
48,11,"a","O","O","O","O"
48,12,"chance","O","O","O","O"
48,13,"on","O","O","O","O"
49,0,"I","O","O","O","O"
49,1,"did","O","O","O","O"
49,2,"n't","O","O","O","O"
49,3,"care","O","O","O","O"
49,4,"for","O","O","O","O"
49,5,"the","O","O","O","O"
49,6,"subject","O","O","O","O"
49,7,"matter","O","O","O","O"
49,8,"and","O","O","O","O"
49,9,"I","O","O","O","O"
49,10,"do","O","O","O","O"
49,11,"n't","O","O","O","O"
49,12,"like","O","O","O","O"
49,13,"Tom","O","P","P","P"
49,14,"Cruise","O","P","P","P"
50,0,"Lee","O","O","P","P"
50,1,"Marvin","O","O","P","P"
50,2,"was","O","O","O","O"
50,3,"another","O","O","O","O"
50,4,"actor","O","O","O","O"
50,5,"with","O","O","O","O"
50,6,"that","O","O","O","O"
50,7,"quality","O","O","O","O"
51,0,"For","O","O","O","O"
51,1,"me","O","O","O","O"
51,2,"I","O","O","O","O"
51,3,"'d","O","O","O","O"
51,4,"pay","O","O","O","O"
51,5,"to","O","O","O","O"
51,6,"see","O","O","O","O"
51,7,"Bette","O","P","P","P"
51,8,"Davis","O","P","P","P"
51,9,"Katharine","O","P","P","P"
51,10,"Hepburn","P","P","P","P"
51,11,"Greer","O","P","P","P"
51,12,"Garson","P","P","P","P"
51,13,"and","O","O","O","O"
51,14,"Cary","O","P","P","P"
51,15,"Grant","O","P","P","P"
51,16,"in","O","O","O","O"
51,17,"anything","O","O","O","O"
52,0,"Michael","O","O","P","P"
52,1,"Caine","P","O","P","P"
52,2,"however","O","O","O","O"
52,3,"has","O","O","O","O"
52,4,"been","O","O","O","O"
52,5,"in","O","O","O","O"
52,6,"both","O","O","O","O"
52,7,"some","O","O","O","O"
52,8,"of","O","O","O","O"
52,9,"the","O","O","O","O"
52,10,"best","O","O","O","O"
52,11,"and","O","O","O","O"
52,12,"some","O","O","O","O"
52,13,"of","O","O","O","O"
52,14,"the","O","O","O","O"
52,15,"worst","O","O","O","O"
52,16,"movies","O","O","O","O"
52,17,"I’ve","P","O","P","O"
52,18,"ever","O","O","O","O"
52,19,"seen","O","O","O","O"
53,0,"Tilda","O","O","P","O"
53,1,"Swinton","P","O","P","O"
53,2,"actually","O","O","O","O"
53,3,"made","O","O","O","O"
53,4,"Constantine","O","P","P","O"
53,5,"worth","O","O","O","O"
53,6,"my","O","O","O","O"
53,7,"time","O","O","O","O"
54,0,"That","O","O","O","O"
54,1,"'s","O","O","O","O"
54,2,"cool","O","O","O","O"
54,3,"if","O","O","O","O"
54,4,"you","O","O","O","O"
54,5,"do","O","O","O","O"
54,6,"n't","O","O","O","O"
54,7,"care","O","O","O","O"
54,8,"for","O","O","O","O"
54,9,"Mr.","P","O","P","O"
54,10,"Caine","P","O","P","P"
55,0,"As","O","O","O","O"
55,1,"for","O","O","O","O"
55,2,"Emma","O","P","P","P"
55,3,"Thompson","P","P","P","P"
55,4,"I","O","O","O","O"
55,5,"'ve","O","O","O","O"
55,6,"always","O","O","O","O"
55,7,"found","O","O","O","O"
55,8,"her","O","O","O","O"
55,9,"to","O","O","O","O"
55,10,"be","O","O","O","O"
55,11,"an","O","O","O","O"
55,12,"interesting","O","O","O","O"
55,13,"performer","O","O","O","O"
56,0,"As","O","O","O","O"
56,1,"for","O","O","O","O"
56,2,"Meryl","O","O","P","P"
56,3,"Streep","P","O","P","P"
56,4,"it","O","O","O","O"
56,5,"seemed","O","O","O","O"
56,6,"that","O","O","O","O"
56,7,"all","O","O","P","O"
56,8,"the","O","O","O","O"
56,9,"early","O","O","O","O"
56,10,"movies","O","O","O","O"
56,11,"I","O","O","O","O"
56,12,"saw","O","O","O","O"
56,13,"her","O","O","O","O"
56,14,"in","O","O","O","O"
57,0,"I","O","O","O","O"
57,1,"love","O","O","O","O"
57,2,"Brian","O","P","O","P"
57,3,"Dennehy","P","P","P","P"
58,0,"Morgan","O","O","P","P"
58,1,"Freeman","O","O","P","P"
58,2,"for","O","O","O","O"
58,3,"me","O","O","O","O"
58,4,"he","O","O","O","O"
58,5,"always","O","O","O","O"
58,6,"seems","O","O","O","O"
58,7,"to","O","O","O","O"
58,8,"bring","O","O","O","O"
58,9,"his","O","O","O","O"
58,10,"characters","O","O","O","O"
58,11,"to","O","O","O","O"
58,12,"light","O","O","O","O"
58,13,"and","O","O","O","O"
58,14,"probably","O","O","O","O"
58,15,"has","O","O","O","O"
58,16,"the","O","O","O","O"
58,17,"best","O","O","O","O"
58,18,"voice","O","O","O","O"
58,19,"and","O","O","O","O"
58,20,"pronunciation","O","O","O","O"
58,21,"in","O","O","O","O"
58,22,"film","O","O","O","O"
58,23,"at","O","O","O","O"
58,24,"the","O","O","O","O"
58,25,"moment","O","O","O","O"
59,0,"I","O","O","O","O"
59,1,"feel","O","O","O","O"
59,2,"he","O","O","O","O"
59,3,"always","O","O","O","O"
59,4,"elegant","O","O","O","O"
59,5,"and","O","O","O","O"
59,6,"articulate","O","O","O","O"
59,7,"with","O","O","O","O"
59,8,"everything","O","O","O","O"
59,9,"and","O","O","O","O"
59,10,"makes","O","O","O","O"
59,11,"the","O","O","O","O"
59,12,"actors","O","O","O","O"
59,13,"around","O","O","O","O"
59,14,"him","O","O","O","O"
59,15,"look","O","O","O","O"
59,16,"a","O","O","O","O"
59,17,"lot","O","O","O","O"
59,18,"better","O","O","O","O"
59,19,"because","O","O","O","O"
59,20,"of","O","O","O","O"
59,21,"the","O","O","O","O"
59,22,"way","O","O","O","O"
59,23,"he","O","O","O","O"
59,24,"responds","O","O","O","O"
59,25,"and","O","O","O","O"
59,26,"converses","O","O","O","O"
59,27,"with","O","O","O","O"
59,28,"them","O","O","O","O"
60,0,"Any","O","O","O","O"
60,1,"chance","O","O","O","O"
60,2,"I","O","O","O","O"
60,3,"get","O","O","O","O"
60,4,"to","O","O","O","O"
60,5,"see","O","O","O","O"
60,6,"Ed","O","O","P","P"
60,7,"Norton","O","O","P","P"
60,8,"in","O","O","O","O"
60,9,"the","O","O","O","O"
60,10,"theater","O","O","O","O"
61,0,"As","O","O","O","O"
61,1,"for","O","O","O","O"
61,2,"me","O","O","O","O"
61,3,"i","O","O","O","O"
61,4,"have","O","O","O","O"
61,5,"a","O","O","O","O"
61,6,"sort","O","O","O","O"
61,7,"crush","O","O","O","O"
61,8,"on","O","O","O","O"
61,9,"Mark","O","P","P","P"
61,10,"Whalberg","P","P","P","P"
62,0,"David","O","O","P","P"
62,1,"Strathairn","P","O","P","P"
62,2,"is","O","O","O","O"
62,3,"quite","O","O","O","O"
62,4,"good","O","O","O","O"
62,5,"in","O","O","O","O"
62,6,"everything","O","O","O","O"
63,0,"I","O","O","O","O"
63,1,"see","O","O","O","O"
63,2,"Johnny","O","P","O","P"
63,3,"Depp","P","P","P","P"
63,4,"makes","O","O","O","O"
63,5,"a","O","O","O","O"
63,6,"rather","O","O","O","O"
63,7,"frequent","O","O","O","O"
63,8,"appearance","O","O","O","O"
63,9,"in","O","O","O","O"
63,10,"the","O","O","O","O"
63,11,"above","O","O","O","O"
63,12,"lists","O","O","O","O"
64,0,"Hugh","O","O","P","P"
64,1,"Jackman","P","O","P","P"
64,2,"has","O","O","O","O"
64,3,"awesome","O","O","O","O"
64,4,"movies","O","O","O","O"
65,0,"Leonardo","O","P","P","P"
65,1,"DiCaprio","P","P","P","P"
66,0,"Al","O","O","P","P"
66,1,"Pacino","P","O","P","P"
67,0,"Robert","O","P","P","P"
67,1,"De","O","P","P","P"
67,2,"Niro","P","P","P","P"
68,0,"Marlon","O","O","P","P"
68,1,"Brando","P","O","P","P"
69,0,"Jack","O","P","P","P"
69,1,"Nicholson","P","P","P","P"
70,0,"James","O","O","P","P"
70,1,"Stewart","O","O","P","P"
71,0,"Edward","O","P","P","P"
71,1,"Norton","O","P","P","P"
71,2,"is","O","O","O","O"
71,3,"a","O","O","O","O"
71,4,"brilliant","O","O","O","O"
71,5,"actor","O","O","O","O"
71,6,"and","O","O","O","O"
71,7,"often","O","O","O","O"
71,8,"misunderstood","P","O","O","O"
72,0,"I","O","O","O","O"
72,1,"would","O","O","O","O"
72,2,"pay","O","O","O","O"
72,3,"to","O","O","O","O"
72,4,"see","O","O","O","O"
72,5,"any","O","O","O","O"
72,6,"movie","O","O","O","O"
72,7,"either","O","O","O","O"
72,8,"made","O","O","O","O"
72,9,"or","O","O","O","O"
72,10,"starring","O","O","O","O"
72,11,"Robert","O","O","P","P"
72,12,"Redford","O","O","P","P"
72,13,"Clint","O","O","P","P"
72,14,"Eastwood","P","O","P","P"
72,15,"Mel","O","O","P","P"
72,16,"Gibson","O","O","P","P"
72,17,"or","O","O","O","O"
72,18,"Russel","O","O","P","P"
72,19,"Crowe","P","O","P","P"
73,0,"Thinking","O","O","O","O"
73,1,"from","O","O","O","O"
73,2,"the","O","O","O","O"
73,3,"top","O","O","O","O"
73,4,"of","O","O","O","O"
73,5,"my","O","O","O","O"
73,6,"head","O","O","O","O"
73,7,"I","O","O","O","O"
73,8,"'d","O","O","O","O"
73,9,"go","O","O","O","O"
73,10,"for","O","O","O","O"
73,11,"Will","O","P","P","P"
73,12,"Ferrell","P","P","P","P"
74,0,"I","O","O","O","O"
74,1,"'ll","O","O","O","O"
74,2,"see","O","O","O","O"
74,3,"anything","O","O","O","O"
74,4,"Alfred","O","O","P","P"
74,5,"Hitchcock","P","O","P","P"
74,6,"acts","O","O","O","O"
74,7,"in","O","O","O","O"
75,0,"Maybe","O","O","O","O"
75,1,"it","O","O","O","O"
75,2,"is","O","O","O","O"
75,3,"but","O","O","O","O"
75,4,"James","O","P","P","P"
75,5,"Stewart","O","P","P","P"
75,6,"is","O","O","O","O"
75,7,"too","O","O","O","O"
75,8,"good","O","O","O","O"
75,9,"for","O","O","O","O"
75,10,"me","O","O","O","O"
75,11,"to","O","O","O","O"
75,12,"give","O","O","O","O"
75,13,"a","O","O","O","O"
75,14,"damn","O","O","O","O"
76,0,"I","O","O","O","O"
76,1,"would","O","O","O","O"
76,2,"'ve","O","O","O","O"
76,3,"said","O","O","O","O"
76,4,"James","O","O","P","P"
76,5,"Stewart","O","O","P","P"
76,6,"but","O","O","O","O"
76,7,"I","O","O","O","O"
76,8,"thought","O","O","O","O"
76,9,"this","O","O","O","O"
76,10,"was","O","O","O","O"
76,11,"only","O","O","O","O"
76,12,"for","O","O","O","O"
76,13,"actors","O","O","O","O"
76,14,"that","O","O","O","O"
76,15,"were","O","O","O","O"
76,16,"alive","O","O","O","O"
77,0,"Brad","O","P","P","P"
77,1,"Pitt","P","P","P","P"
77,2,"ca","O","O","O","O"
77,3,"n't","O","O","O","O"
77,4,"pull","O","O","O","O"
77,5,"off","O","O","O","O"
77,6,"an","O","O","O","O"
77,7,"Irish","O","O","O","O"
77,8,"accent","O","O","O","O"
77,9,"which","O","O","O","O"
77,10,"ruined","O","O","O","O"
77,11,"the","O","O","O","O"
77,12,"entire","O","O","O","O"
77,13,"movie","O","O","O","O"
77,14,"for","O","O","O","O"
77,15,"me","O","O","O","O"
78,0,"I","O","O","O","O"
78,1,"used","O","O","O","O"
78,2,"to","O","O","O","O"
78,3,"buy","O","O","O","O"
78,4,"everything","O","O","O","O"
78,5,"with","O","O","O","O"
78,6,"Adam","O","O","P","P"
78,7,"Sandler","P","O","P","P"
78,8,"but","O","O","O","O"
78,9,"I","O","O","O","O"
78,10,"really","O","O","O","O"
78,11,"ca","O","O","O","O"
78,12,"n't","O","O","O","O"
78,13,"enjoy","O","O","O","O"
78,14,"the","O","O","O","O"
78,15,"humor","O","O","O","O"
78,16,"to","O","O","O","O"
78,17,"the","O","O","O","O"
78,18,"same","O","O","O","O"
78,19,"degree","O","O","O","O"
78,20,"as","O","O","O","O"
78,21,"I","O","O","O","O"
78,22,"could","O","O","O","O"
78,23,"before","O","O","O","O"
79,0,"I","O","O","O","O"
79,1,"'m","O","O","O","O"
79,2,"just","O","O","O","O"
79,3,"going","O","O","O","O"
79,4,"to","O","O","O","O"
79,5,"say","O","O","O","O"
79,6,"Daniel","O","P","P","P"
79,7,"Auteuil","P","P","P","P"
79,8,"because","O","O","O","O"
79,9,"he","O","O","O","O"
79,10,"'s","O","O","O","O"
79,11,"my","O","O","O","O"
79,12,"favourite","P","O","O","O"
80,0,"I","O","O","O","O"
80,1,"much","O","O","O","O"
80,2,"prefer","O","O","O","O"
80,3,"that","O","O","O","O"
80,4,"to","O","O","O","O"
80,5,"the","O","O","O","O"
80,6,"exact","O","O","O","O"
80,7,"same","O","O","O","O"
80,8,"threads","O","O","O","O"
80,9,"being","O","O","O","O"
80,10,"made","O","O","O","O"
80,11,"every","O","O","O","O"
80,12,"week","O","O","O","O"
81,0,"Tom","O","P","P","P"
81,1,"Hardy","O","P","P","P"
81,2,"may","O","O","O","O"
81,3,"be","O","O","O","O"
81,4,"sneaking","O","O","O","O"
81,5,"onto","O","O","O","O"
81,6,"the","O","O","O","O"
81,7,"list","O","O","O","O"
81,8,"as","O","O","O","O"
81,9,"well","O","O","O","O"
82,0,"For","O","O","O","O"
82,1,"some","O","O","O","O"
82,2,"reason","O","O","O","O"
82,3,"it","O","O","O","O"
82,4,"'s","O","O","O","O"
82,5,"Nicolas","O","O","P","P"
82,6,"Cage","O","O","P","P"
82,7,"although","O","O","O","O"
82,8,"he","O","O","O","O"
82,9,"'s","O","O","O","O"
82,10,"not","O","O","O","O"
82,11,"my","O","O","O","O"
82,12,"favorite","O","O","O","O"
83,0,"I","O","O","O","O"
83,1,"think","O","O","O","O"
83,2,"Sam","O","P","P","P"
83,3,"Rockwell","O","P","P","P"
83,4,"and","O","O","O","O"
83,5,"Luke","O","P","P","P"
83,6,"Wilson","O","P","P","P"
83,7,"fall","O","O","O","O"
83,8,"in","O","O","O","O"
83,9,"that","O","O","O","O"
83,10,"category","O","O","O","O"
83,11,"too","O","O","O","O"
84,0,"It","O","O","O","O"
84,1,"'s","O","O","O","O"
84,2,"a","O","O","O","O"
84,3,"great","O","O","O","O"
84,4,"show","O","O","O","O"
84,5,"If","O","O","O","O"
84,6,"I","O","O","O","O"
84,7,"could","O","O","O","O"
84,8,"find","O","O","O","O"
84,9,"it","O","O","O","O"
84,10,"in","O","O","O","O"
84,11,"better","O","O","O","O"
84,12,"quality","O","O","O","O"
85,0,"Nice","O","O","P","O"
85,1,"to","O","O","O","O"
85,2,"see","O","O","O","O"
85,3,"some","O","O","O","O"
85,4,"love","O","O","O","O"
85,5,"for","O","O","O","O"
85,6,"Richard","O","P","P","P"
85,7,"Jenkins","P","P","P","P"
86,0,"I","O","O","O","O"
86,1,"have","O","O","O","O"
86,2,"to","O","O","O","O"
86,3,"admit","O","O","O","O"
86,4,"that","O","O","O","O"
86,5,"I","O","O","O","O"
86,6,"'ll","O","O","O","O"
86,7,"watch","O","O","O","O"
86,8,"Will","O","O","P","P"
86,9,"Ferrell","P","O","P","P"
86,10,"in","O","O","O","O"
86,11,"anything","O","O","O","O"
87,0,"I","O","O","O","O"
87,1,"must","O","O","O","O"
87,2,"mention","O","O","O","O"
87,3,"Michael","O","P","P","P"
87,4,"Shannon","O","P","P","P"
88,0,"I","O","O","O","O"
88,1,"would","O","O","O","O"
88,2,"go","O","O","O","O"
88,3,"see","O","O","O","O"
88,4,"Colin","O","O","P","P"
88,5,"Morgan","O","O","P","P"
88,6,"in","O","O","O","O"
88,7,"almost","O","O","O","O"
88,8,"everything","O","O","O","O"
89,0,"He","O","O","O","O"
89,1,"'s","O","O","O","O"
89,2,"got","O","O","O","O"
89,3,"a","O","O","O","O"
89,4,"good","O","O","O","O"
89,5,"face","O","O","O","O"
89,6,"Larry","O","P","P","P"
89,7,"Gates","O","P","P","P"
90,0,"Kristy","O","O","O","P"
90,1,"Swanson","P","O","P","P"
90,2,"has","O","O","O","O"
90,3,"always","O","O","O","O"
90,4,"had","O","O","O","O"
90,5,"large","O","O","O","O"
90,6,"um","O","O","O","O"
90,7,"assets","O","O","O","O"
91,0,"Phoebe","O","P","P","P"
91,1,"Cates","O","P","P","P"
91,2,"is","O","O","O","O"
91,3,"the","O","O","O","O"
91,4,"hottest","O","O","O","O"
91,5,"so","O","O","O","O"
91,6,"far","O","O","O","O"
91,7,"for","O","O","O","O"
91,8,"sure","O","O","O","O"
92,0,"Ashley","O","O","P","P"
92,1,"Judd","O","O","P","P"
92,2,"was","O","O","O","O"
92,3,"quite","O","O","O","O"
92,4,"in","O","O","O","O"
92,5,"demand","O","O","O","O"
92,6,"back","O","O","O","O"
92,7,"in","O","O","O","O"
92,8,"the","O","O","O","O"
92,9,"90s","O","O","P","O"
93,0,"One","O","O","O","O"
93,1,"of","O","O","O","O"
93,2,"my","O","O","O","O"
93,3,"favorite","O","O","O","O"
93,4,"Hugh","O","P","P","P"
93,5,"Jackman","P","P","P","P"
93,6,"romance","O","O","O","O"
93,7,"movies","O","O","O","O"
93,8,"she","O","O","O","O"
93,9,"was","O","O","O","O"
93,10,"in","O","O","O","O"
94,0,"I","O","O","O","O"
94,1,"thought","O","O","O","O"
94,2,"they","O","O","O","O"
94,3,"missed","O","O","O","O"
94,4,"the","O","O","O","O"
94,5,"boat","O","O","O","O"
94,6,"not","O","O","O","O"
94,7,"casting","O","O","O","O"
94,8,"Pierce","O","O","P","P"
94,9,"Brosnan","P","O","P","P"
94,10,"or","O","O","O","O"
94,11,"Hugh","O","O","P","P"
94,12,"Jackman","P","O","P","P"
95,0,"Teri","O","P","P","P"
95,1,"Hatcher","O","P","P","P"
95,2,"was","O","O","O","O"
95,3,"nice","O","O","O","O"
95,4,"back","O","O","O","O"
95,5,"in","O","O","O","O"
95,6,"the","O","O","O","O"
95,7,"day","O","O","O","O"
96,0,"They","O","O","O","O"
96,1,"should","O","O","O","O"
96,2,"have","O","O","O","O"
96,3,"got","O","O","O","O"
96,4,"Monica","O","O","P","P"
96,5,"Bellucci","P","O","P","P"
96,6,"for","O","O","O","O"
96,7,"Tomorrow","O","O","P","O"
96,8,"Never","O","O","O","O"
96,9,"Dies","O","O","O","O"
97,0,"Rose","O","P","P","P"
97,1,"Byrne","P","P","P","P"
97,2,"'s","O","O","O","O"
97,3,"a","O","O","O","O"
97,4,"great","O","O","O","O"
97,5,"choice","O","O","O","O"
98,0,"I","O","O","O","O"
98,1,"only","O","O","O","O"
98,2,"know","O","O","O","O"
98,3,"of","O","O","O","O"
98,4,"The","O","O","O","O"
98,5,"Gilmore","P","O","P","O"
98,6,"Girls","O","O","P","O"
98,7,"because","O","O","O","O"
98,8,"of","O","O","O","O"
98,9,"Lauren","O","O","P","P"
98,10,"Graham","O","O","P","P"
99,0,"Now","O","O","O","O"
99,1,"Heather","O","P","P","P"
99,2,"Graham","O","P","P","P"
99,3,"is","O","O","O","O"
99,4,"as","O","O","O","O"
99,5,"hot","O","O","O","O"
99,6,"as","O","O","O","O"
99,7,"hell","O","O","O","O"
100,0,"I","O","O","O","O"
100,1,"think","O","O","O","O"
100,2,"Ray","O","O","P","P"
100,3,"Liotta","P","O","P","P"
100,4,"should","O","O","O","O"
100,5,"be","O","O","O","O"
100,6,"higher","O","O","P","O"
100,7,"the","O","O","O","O"
100,8,"more","O","O","O","O"
100,9,"I","O","O","O","O"
100,10,"look","O","O","O","O"
100,11,"at","O","O","O","O"
100,12,"her","O","O","O","O"
100,13,"the","O","O","O","O"
100,14,"more","O","O","O","O"
100,15,"I","O","O","O","O"
100,16,"see","O","O","O","O"
100,17,"how","O","O","P","O"
100,18,"hot","O","O","O","O"
100,19,"she","O","O","O","O"
100,20,"is","O","O","O","O"
